,timestamp,symbol,open,high,low,close,volume
0,2022-05-17,CL=F,113.87000274658203,115.55999755859375,111.75,112.4000015258789,252630.0
1,2022-05-18,CL=F,113.66000366210938,115.41999816894531,108.45999908447266,109.58999633789062,103669.0
2,2022-05-19,CL=F,109.08999633789062,112.62000274658203,105.12999725341797,112.20999908447266,68511.0
3,2022-05-20,CL=F,111.44999694824219,114.04000091552734,110.8499984741211,113.2300033569336,229930.0
4,2022-05-23,CL=F,110.55999755859375,111.95999908447266,109.1500015258789,110.29000091552734,215623.0
5,2022-05-24,CL=F,110.41000366210938,111.43000030517578,108.61000061035156,109.7699966430664,224794.0
6,2022-05-25,CL=F,110.38999938964844,111.68000030517578,109.2300033569336,110.33000183105469,191370.0
7,2022-05-26,CL=F,110.69000244140625,114.83000183105469,110.2699966430664,114.08999633789062,234752.0
8,2022-05-27,CL=F,114.19999694824219,115.30000305175781,112.8499984741211,115.06999969482422,217281.0
9,2022-05-31,CL=F,114.95999908447266,119.9800033569336,114.1500015258789,114.66999816894531,440796.0
10,2022-06-01,CL=F,115.4000015258789,117.87000274658203,114.58000183105469,115.26000213623047,290530.0
11,2022-06-02,CL=F,114.80000305175781,117.7699966430664,111.19999694824219,116.87000274658203,327600.0
12,2022-06-03,CL=F,117.55000305175781,120.45999908447266,115.2300033569336,118.87000274658203,240831.0
13,2022-06-06,CL=F,120.81999969482422,120.98999786376953,117.62999725341797,118.5,246825.0
14,2022-06-07,CL=F,119.0999984741211,120.36000061035156,117.13999938964844,119.41000366210938,341694.0
15,2022-06-08,CL=F,119.79000091552734,123.18000030517578,119.30000305175781,122.11000061035156,340591.0
16,2022-06-09,CL=F,122.43000030517578,122.72000122070312,120.79000091552734,121.51000213623047,293295.0
17,2022-06-10,CL=F,121.45999908447266,122.75,118.33000183105469,120.66999816894531,352906.0
18,2022-06-13,CL=F,120.19000244140625,122.25,117.47000122070312,120.93000030517578,372403.0
19,2022-06-14,CL=F,121.08999633789062,123.68000030517578,116.62000274658203,118.93000030517578,366320.0
20,2022-06-15,CL=F,119.06999969482422,119.61000061035156,114.5999984741211,115.30999755859375,301750.0
21,2022-06-16,CL=F,115.9800033569336,118.08000183105469,112.30999755859375,117.58999633789062,162543.0
22,2022-06-17,CL=F,117.08000183105469,118.97000122070312,108.25,109.55999755859375,103149.0
23,2022-06-21,CL=F,110.58000183105469,112.47000122070312,108.72000122070312,110.6500015258789,427262.0
24,2022-06-22,CL=F,109.54000091552734,109.76000213623047,101.52999877929688,106.19000244140625,432724.0
25,2022-06-23,CL=F,104.41999816894531,107.05000305175781,102.31999969482422,104.2699966430664,346362.0
26,2022-06-24,CL=F,103.98999786376953,108.58000183105469,103.63999938964844,107.62000274658203,321591.0
27,2022-06-27,CL=F,107.22000122070312,110.54000091552734,105.5999984741211,109.56999969482422,282914.0
28,2022-06-28,CL=F,110.18000030517578,112.22000122070312,109.62000274658203,111.76000213623047,306748.0
29,2022-06-29,CL=F,111.86000061035156,114.05000305175781,109.22000122070312,109.77999877929688,322060.0
30,2022-06-30,CL=F,109.69999694824219,110.44999694824219,105.0999984741211,105.76000213623047,362890.0
31,2022-07-01,CL=F,106.01000213623047,109.33999633789062,104.55999755859375,108.43000030517578,305338.0
32,2022-07-05,CL=F,108.80000305175781,111.44999694824219,97.43000030517578,99.5,594215.0
33,2022-07-06,CL=F,100.36000061035156,102.13999938964844,95.0999984741211,98.52999877929688,444106.0
34,2022-07-07,CL=F,98.22000122070312,104.4800033569336,96.56999969482422,102.7300033569336,379861.0
35,2022-07-08,CL=F,102.22000122070312,105.23999786376953,101.51000213623047,104.79000091552734,327461.0
36,2022-07-11,CL=F,104.79000091552734,105.05000305175781,100.88999938964844,104.08999633789062,348566.0
37,2022-07-12,CL=F,103.45999908447266,103.48999786376953,95.3499984741211,95.83999633789062,398552.0
38,2022-07-13,CL=F,95.88999938964844,97.95999908447266,93.66999816894531,96.30000305175781,347193.0
39,2022-07-14,CL=F,96.56999969482422,97.0,90.55999755859375,95.77999877929688,387528.0
40,2022-07-15,CL=F,96.38999938964844,99.02999877929688,94.56999969482422,97.58999633789062,240766.0
41,2022-07-18,CL=F,97.2699966430664,102.80000305175781,95.8499984741211,102.5999984741211,84669.0
42,2022-07-19,CL=F,102.0,104.45999908447266,99.8499984741211,104.22000122070312,63149.0
43,2022-07-20,CL=F,103.5999984741211,104.38999938964844,101.51000213623047,102.26000213623047,315620.0
44,2022-07-21,CL=F,99.91000366210938,99.98999786376953,94.58999633789062,96.3499984741211,318911.0
45,2022-07-22,CL=F,96.51000213623047,97.94999694824219,94.2300033569336,94.69999694824219,307568.0
46,2022-07-25,CL=F,95.0999984741211,96.94000244140625,93.01000213623047,96.69999694824219,278998.0
47,2022-07-26,CL=F,96.33000183105469,99.0,94.76000213623047,94.9800033569336,310043.0
48,2022-07-27,CL=F,95.5999984741211,98.58999633789062,94.30000305175781,97.26000213623047,321903.0
49,2022-07-28,CL=F,98.16999816894531,99.83999633789062,96.04000091552734,96.41999816894531,318403.0
50,2022-07-29,CL=F,97.30000305175781,101.87999725341797,96.41000366210938,98.62000274658203,349374.0
51,2022-08-01,CL=F,98.45999908447266,98.6500015258789,92.41999816894531,93.88999938964844,365293.0
52,2022-08-02,CL=F,93.75,96.47000122070312,92.58999633789062,94.41999816894531,328538.0
53,2022-08-03,CL=F,93.83000183105469,96.56999969482422,90.37999725341797,90.66000366210938,395099.0
54,2022-08-04,CL=F,90.94999694824219,91.9000015258789,87.55000305175781,88.54000091552734,334931.0
55,2022-08-05,CL=F,88.05999755859375,90.76000213623047,87.01000213623047,89.01000213623047,350016.0
56,2022-08-08,CL=F,88.45999908447266,90.88999938964844,87.22000122070312,90.76000213623047,340157.0
57,2022-08-09,CL=F,90.69000244140625,92.6500015258789,89.05000305175781,90.5,347045.0
58,2022-08-10,CL=F,90.51000213623047,92.43000030517578,87.66000366210938,91.93000030517578,383766.0
59,2022-08-11,CL=F,91.55000305175781,95.05000305175781,91.23999786376953,94.33999633789062,341234.0
60,2022-08-12,CL=F,94.08999633789062,94.80999755859375,91.16000366210938,92.08999633789062,264953.0
61,2022-08-15,CL=F,91.94000244140625,92.0999984741211,86.81999969482422,89.41000366210938,275443.0
62,2022-08-16,CL=F,87.93000030517578,90.6500015258789,85.7300033569336,86.52999877929688,305366.0
63,2022-08-17,CL=F,87.0999984741211,89.16000366210938,85.87999725341797,88.11000061035156,230346.0
64,2022-08-18,CL=F,87.38999938964844,91.45999908447266,87.31999969482422,90.5,80029.0
65,2022-08-19,CL=F,90.38999938964844,92.08999633789062,88.37999725341797,90.7699966430664,58714.0
66,2022-08-22,CL=F,89.6500015258789,91.26000213623047,86.5999984741211,90.2300033569336,352665.0
67,2022-08-23,CL=F,90.55000305175781,94.22000122070312,90.41999816894531,93.73999786376953,285607.0
68,2022-08-24,CL=F,93.77999877929688,95.4000015258789,92.79000091552734,94.88999938964844,320388.0
69,2022-08-25,CL=F,95.3499984741211,95.76000213623047,92.29000091552734,92.5199966430664,279877.0
70,2022-08-26,CL=F,93.05999755859375,94.0199966430664,91.08000183105469,93.05999755859375,288392.0
71,2022-08-29,CL=F,92.95999908447266,97.37000274658203,92.29000091552734,97.01000213623047,283463.0
72,2022-08-30,CL=F,96.9000015258789,97.66000366210938,90.54000091552734,91.63999938964844,386272.0
73,2022-08-31,CL=F,92.30999755859375,92.7300033569336,88.2699966430664,89.55000305175781,344147.0
74,2022-09-01,CL=F,88.83000183105469,89.62999725341797,85.9800033569336,86.61000061035156,305106.0
75,2022-09-02,CL=F,86.55999755859375,89.66000366210938,86.3499984741211,86.87000274658203,277533.0
76,2022-09-06,CL=F,86.83999633789062,90.38999938964844,86.18000030517578,86.87999725341797,420255.0
77,2022-09-07,CL=F,86.93000030517578,87.76000213623047,81.5,81.94000244140625,380781.0
78,2022-09-08,CL=F,81.91000366210938,84.25,81.19999694824219,83.54000091552734,342763.0
79,2022-09-09,CL=F,82.80000305175781,87.19999694824219,82.70999908447266,86.79000091552734,305188.0
80,2022-09-12,CL=F,86.25,89.0999984741211,85.16000366210938,87.77999877929688,275104.0
81,2022-09-13,CL=F,88.08999633789062,89.30999755859375,85.05999755859375,87.30999755859375,347998.0
82,2022-09-14,CL=F,87.94000244140625,90.19000244140625,86.18000030517578,88.4800033569336,335381.0
83,2022-09-15,CL=F,88.91000366210938,89.1500015258789,84.52999877929688,85.0999984741211,235358.0
84,2022-09-16,CL=F,85.16000366210938,86.58999633789062,84.2699966430664,85.11000061035156,87829.0
85,2022-09-19,CL=F,85.20999908447266,86.22000122070312,82.0999984741211,85.7300033569336,59626.0
86,2022-09-20,CL=F,85.61000061035156,86.44999694824219,83.5199966430664,84.44999694824219,279813.0
87,2022-09-21,CL=F,84.25,86.68000030517578,82.48999786376953,82.94000244140625,339683.0
88,2022-09-22,CL=F,83.06999969482422,86.0,82.4000015258789,83.48999786376953,303492.0
89,2022-09-23,CL=F,83.54000091552734,83.91999816894531,78.04000091552734,78.73999786376953,334271.0
90,2022-09-26,CL=F,79.2300033569336,80.30999755859375,76.25,76.70999908447266,280927.0
91,2022-09-27,CL=F,76.47000122070312,79.51000213623047,76.41999816894531,78.5,283614.0
92,2022-09-28,CL=F,78.08000183105469,82.33999633789062,76.55000305175781,82.1500015258789,324678.0
93,2022-09-29,CL=F,81.9000015258789,82.94000244140625,80.33999633789062,81.2300033569336,286126.0
94,2022-09-30,CL=F,81.73999786376953,82.55999755859375,79.13999938964844,79.48999786376953,253154.0
95,2022-10-03,CL=F,81.0199966430664,84.55999755859375,80.87000274658203,83.62999725341797,287168.0
96,2022-10-04,CL=F,83.22000122070312,86.9800033569336,83.22000122070312,86.5199966430664,302549.0
97,2022-10-05,CL=F,86.37000274658203,88.41999816894531,85.41999816894531,87.76000213623047,329790.0
98,2022-10-06,CL=F,88.08000183105469,89.06999969482422,87.04000091552734,88.44999694824219,235296.0
99,2022-10-07,CL=F,88.93000030517578,93.30999755859375,88.0,92.63999938964844,429162.0
100,2022-10-10,CL=F,93.4800033569336,93.63999938964844,90.54000091552734,91.12999725341797,289508.0
101,2022-10-11,CL=F,91.13999938964844,91.3499984741211,87.91000366210938,89.3499984741211,333158.0
102,2022-10-12,CL=F,88.66999816894531,90.06999969482422,86.27999877929688,87.2699966430664,332271.0
103,2022-10-13,CL=F,87.08000183105469,89.66000366210938,85.55999755859375,89.11000061035156,298032.0
104,2022-10-14,CL=F,89.2699966430664,89.7300033569336,85.19999694824219,85.61000061035156,237026.0
105,2022-10-17,CL=F,85.58999633789062,87.12000274658203,84.61000061035156,85.45999908447266,172020.0
106,2022-10-18,CL=F,85.69999694824219,86.51000213623047,82.08999633789062,82.81999969482422,97304.0
107,2022-10-19,CL=F,83.69000244140625,86.19999694824219,82.58999633789062,85.55000305175781,71309.0
108,2022-10-20,CL=F,85.94000244140625,88.16999816894531,85.22000122070312,85.9800033569336,338344.0
109,2022-10-21,CL=F,85.06999969482422,85.9000015258789,83.1500015258789,85.05000305175781,272803.0
110,2022-10-24,CL=F,85.23999786376953,85.91999816894531,82.62999725341797,84.58000183105469,250726.0
111,2022-10-25,CL=F,84.87999725341797,86.02999877929688,83.05999755859375,85.31999969482422,240441.0
112,2022-10-26,CL=F,85.06999969482422,88.41000366210938,84.13999938964844,87.91000366210938,287182.0
113,2022-10-27,CL=F,88.26000213623047,89.79000091552734,87.33000183105469,89.08000183105469,292556.0
114,2022-10-28,CL=F,88.66999816894531,88.76000213623047,87.08000183105469,87.9000015258789,263404.0
115,2022-10-31,CL=F,88.38999938964844,88.6500015258789,85.30000305175781,86.52999877929688,285342.0
116,2022-11-01,CL=F,86.43000030517578,89.44999694824219,85.91999816894531,88.37000274658203,274321.0
117,2022-11-02,CL=F,88.62000274658203,90.36000061035156,87.72000122070312,90.0,280961.0
118,2022-11-03,CL=F,89.3499984741211,89.66999816894531,87.5999984741211,88.16999816894531,239816.0
119,2022-11-04,CL=F,87.9000015258789,92.87000274658203,87.81999969482422,92.61000061035156,354060.0
120,2022-11-07,CL=F,91.0,93.73999786376953,90.4000015258789,91.79000091552734,322419.0
121,2022-11-08,CL=F,91.87000274658203,92.16999816894531,88.5199966430664,88.91000366210938,344223.0
122,2022-11-09,CL=F,88.56999969482422,89.23999786376953,85.5,85.83000183105469,388301.0
123,2022-11-10,CL=F,85.8499984741211,87.3499984741211,84.69999694824219,86.47000122070312,340007.0
124,2022-11-11,CL=F,86.2699966430664,90.0999984741211,86.18000030517578,88.95999908447266,301664.0
125,2022-11-14,CL=F,89.0199966430664,89.83999633789062,85.1500015258789,85.87000274658203,315450.0
126,2022-11-15,CL=F,85.25,88.68000030517578,84.05999755859375,86.91999816894531,331709.0
127,2022-11-16,CL=F,86.88999938964844,87.51000213623047,84.19999694824219,85.58999633789062,225668.0
128,2022-11-17,CL=F,85.22000122070312,85.44999694824219,81.4000015258789,81.63999938964844,138476.0
129,2022-11-18,CL=F,82.08999633789062,82.63999938964844,77.23999786376953,80.08000183105469,96583.0
130,2022-11-21,CL=F,80.30000305175781,80.30000305175781,75.08000183105469,79.7300033569336,475104.0
131,2022-11-22,CL=F,80.22000122070312,82.36000061035156,79.8499984741211,80.94999694824219,269615.0
132,2022-11-23,CL=F,81.08000183105469,81.94999694824219,76.83000183105469,77.94000244140625,379145.0
133,2022-11-25,CL=F,77.51000213623047,79.9000015258789,76.22000122070312,76.27999877929688,266451.0
134,2022-11-28,CL=F,75.93000030517578,77.83999633789062,73.5999984741211,77.23999786376953,405033.0
135,2022-11-29,CL=F,76.54000091552734,79.6500015258789,76.29000091552734,78.19999694824219,381869.0
136,2022-11-30,CL=F,79.0,81.37999725341797,78.4000015258789,80.55000305175781,287534.0
137,2022-12-01,CL=F,80.4000015258789,83.33999633789062,79.93000030517578,81.22000122070312,321432.0
138,2022-12-02,CL=F,81.47000122070312,82.22000122070312,79.6500015258789,79.9800033569336,280235.0
139,2022-12-05,CL=F,79.98999786376953,82.72000122070312,76.7699966430664,76.93000030517578,346657.0
140,2022-12-06,CL=F,77.3499984741211,77.87999725341797,73.41000366210938,74.25,380598.0
141,2022-12-07,CL=F,74.55000305175781,75.37999725341797,71.75,72.01000213623047,392236.0
142,2022-12-08,CL=F,72.37999725341797,75.44000244140625,71.12000274658203,71.45999908447266,474459.0
143,2022-12-09,CL=F,71.8499984741211,72.91999816894531,70.08000183105469,71.0199966430664,356722.0
144,2022-12-12,CL=F,71.79000091552734,73.98999786376953,70.25,73.16999816894531,323553.0
145,2022-12-13,CL=F,73.29000091552734,76.37000274658203,73.20999908447266,75.38999938964844,352858.0
146,2022-12-14,CL=F,75.2699966430664,77.75,74.9000015258789,77.27999877929688,292488.0
147,2022-12-15,CL=F,77.37000274658203,77.7699966430664,75.33000183105469,76.11000061035156,224663.0
148,2022-12-16,CL=F,76.37000274658203,76.56999969482422,73.33000183105469,74.29000091552734,99205.0
149,2022-12-19,CL=F,74.5,76.41000366210938,73.80999755859375,75.19000244140625,69348.0
150,2022-12-20,CL=F,75.69999694824219,76.75,74.30999755859375,76.08999633789062,254792.0
151,2022-12-21,CL=F,75.98999786376953,78.61000061035156,75.80000305175781,78.29000091552734,234624.0
152,2022-12-22,CL=F,78.43000030517578,79.9000015258789,77.02999877929688,77.48999786376953,219142.0
153,2022-12-23,CL=F,78.18000030517578,80.33000183105469,77.9800033569336,79.55999755859375,237711.0
154,2022-12-27,CL=F,79.9000015258789,81.18000030517578,79.16000366210938,79.52999877929688,199601.0
155,2022-12-28,CL=F,79.88999938964844,79.91999816894531,77.30000305175781,78.95999908447266,207717.0
156,2022-12-29,CL=F,78.81999969482422,78.81999969482422,76.79000091552734,78.4000015258789,199858.0
157,2022-12-30,CL=F,78.7300033569336,80.66999816894531,77.70999908447266,80.26000213623047,205909.0
158,2023-01-03,CL=F,80.56999969482422,81.5,76.5999984741211,76.93000030517578,338520.0
159,2023-01-04,CL=F,77.25,77.41999816894531,72.7300033569336,72.83999633789062,352434.0
160,2023-01-05,CL=F,73.25,74.91999816894531,72.45999908447266,73.66999816894531,300731.0
161,2023-01-06,CL=F,73.97000122070312,75.47000122070312,73.23999786376953,73.7699966430664,258128.0
162,2023-01-09,CL=F,73.47000122070312,76.73999786376953,73.47000122070312,74.62999725341797,329290.0
163,2023-01-10,CL=F,74.86000061035156,75.91999816894531,73.83999633789062,75.12000274658203,307430.0
164,2023-01-11,CL=F,74.77999877929688,77.83999633789062,74.30999755859375,77.41000366210938,350891.0
165,2023-01-12,CL=F,77.69999694824219,79.16000366210938,77.0999984741211,78.38999938964844,307705.0
166,2023-01-13,CL=F,78.31999969482422,80.11000061035156,77.97000122070312,79.86000061035156,283539.0
167,2023-01-17,CL=F,80.0999984741211,81.2300033569336,78.52999877929688,80.18000030517578,312275.0
168,2023-01-18,CL=F,80.97000122070312,82.37999725341797,78.94000244140625,79.4800033569336,92549.0
169,2023-01-19,CL=F,79.13999938964844,81.18000030517578,78.12999725341797,80.33000183105469,58863.0
170,2023-01-20,CL=F,80.5999984741211,81.63999938964844,79.69000244140625,81.30999755859375,300145.0
171,2023-01-23,CL=F,81.79000091552734,82.63999938964844,81.05000305175781,81.62000274658203,297076.0
172,2023-01-24,CL=F,81.62000274658203,82.22000122070312,79.66000366210938,80.12999725341797,288207.0
173,2023-01-25,CL=F,80.26000213623047,81.2300033569336,79.44999694824219,80.1500015258789,297234.0
174,2023-01-26,CL=F,80.4800033569336,82.13999938964844,79.91999816894531,81.01000213623047,291060.0
175,2023-01-27,CL=F,81.22000122070312,82.4800033569336,79.04000091552734,79.68000030517578,367588.0
176,2023-01-30,CL=F,80.04000091552734,80.48999786376953,77.66000366210938,77.9000015258789,327426.0
177,2023-01-31,CL=F,77.91000366210938,79.25,76.55000305175781,78.87000274658203,312734.0
178,2023-02-01,CL=F,79.05999755859375,79.7300033569336,76.05000305175781,76.41000366210938,360859.0
179,2023-02-02,CL=F,76.79000091552734,77.23999786376953,74.97000122070312,75.87999725341797,339755.0
180,2023-02-03,CL=F,75.91999816894531,78.0,73.0999984741211,73.38999938964844,413414.0
181,2023-02-06,CL=F,73.2300033569336,74.51000213623047,72.25,74.11000061035156,380028.0
182,2023-02-07,CL=F,74.56999969482422,77.5999984741211,74.3499984741211,77.13999938964844,408279.0
183,2023-02-08,CL=F,77.48999786376953,78.56999969482422,77.08000183105469,78.47000122070312,353468.0
184,2023-02-09,CL=F,78.44999694824219,78.83999633789062,76.5199966430664,78.05999755859375,324156.0
185,2023-02-10,CL=F,77.68000030517578,80.33000183105469,77.47000122070312,79.72000122070312,356062.0
186,2023-02-13,CL=F,79.94000244140625,80.62000274658203,78.44999694824219,80.13999938964844,301299.0
187,2023-02-14,CL=F,79.05999755859375,79.61000061035156,77.45999908447266,79.05999755859375,299938.0
188,2023-02-15,CL=F,78.83000183105469,79.1500015258789,77.25,78.58999633789062,264486.0
189,2023-02-16,CL=F,78.54000091552734,79.54000091552734,77.91999816894531,78.48999786376953,117600.0
190,2023-02-17,CL=F,78.06999969482422,78.25,75.05999755859375,76.33999633789062,93267.0
191,2023-02-21,CL=F,76.52999877929688,77.51000213623047,75.69000244140625,76.16000366210938,402351.0
192,2023-02-22,CL=F,76.11000061035156,76.55000305175781,73.80000305175781,73.94999694824219,332018.0
193,2023-02-23,CL=F,73.91999816894531,75.98999786376953,73.83000183105469,75.38999938964844,333838.0
194,2023-02-24,CL=F,75.5999984741211,76.62999725341797,74.08999633789062,76.31999969482422,329254.0
195,2023-02-27,CL=F,76.41999816894531,76.81999969482422,74.98999786376953,75.68000030517578,266091.0
196,2023-02-28,CL=F,75.76000213623047,77.83000183105469,75.55000305175781,77.05000305175781,300093.0
197,2023-03-01,CL=F,76.8499984741211,77.8499984741211,76.12000274658203,77.69000244140625,342121.0
198,2023-03-02,CL=F,77.73999786376953,78.58999633789062,77.2300033569336,78.16000366210938,260331.0
199,2023-03-03,CL=F,77.88999938964844,79.9000015258789,75.83000183105469,79.68000030517578,374201.0
200,2023-03-06,CL=F,79.91999816894531,80.62999725341797,78.31999969482422,80.45999908447266,292351.0
201,2023-03-07,CL=F,80.5,80.94000244140625,77.05999755859375,77.58000183105469,398241.0
202,2023-03-08,CL=F,77.31999969482422,77.7300033569336,76.11000061035156,76.66000366210938,335930.0
203,2023-03-09,CL=F,76.5,78.05999755859375,75.43000030517578,75.72000122070312,349960.0
204,2023-03-10,CL=F,75.6500015258789,77.11000061035156,74.7699966430664,76.68000030517578,371834.0
205,2023-03-13,CL=F,76.5999984741211,77.47000122070312,72.30000305175781,74.80000305175781,457423.0
206,2023-03-14,CL=F,74.69999694824219,74.9000015258789,70.77999877929688,71.33000183105469,432858.0
207,2023-03-15,CL=F,71.55999755859375,72.55999755859375,65.6500015258789,67.61000061035156,555164.0
208,2023-03-16,CL=F,68.22000122070312,69.37999725341797,65.70999908447266,68.3499984741211,327120.0
209,2023-03-17,CL=F,68.26000213623047,69.63999938964844,65.16999816894531,66.73999786376953,152255.0
210,2023-03-20,CL=F,66.62000274658203,67.69999694824219,64.12000274658203,67.63999938964844,76873.0
211,2023-03-21,CL=F,67.62000274658203,69.5999984741211,66.7699966430664,69.33000183105469,409495.0
212,2023-03-22,CL=F,69.4800033569336,71.30999755859375,68.88999938964844,70.9000015258789,337639.0
213,2023-03-23,CL=F,69.94999694824219,71.66999816894531,69.13999938964844,69.95999908447266,335241.0
214,2023-03-24,CL=F,69.51000213623047,70.37999725341797,66.81999969482422,69.26000213623047,380852.0
215,2023-03-27,CL=F,69.41999816894531,73.0999984741211,69.12999725341797,72.80999755859375,353598.0
216,2023-03-28,CL=F,72.86000061035156,73.93000030517578,72.19000244140625,73.19999694824219,328472.0
217,2023-03-29,CL=F,73.61000061035156,74.37000274658203,72.76000213623047,72.97000122070312,312669.0
218,2023-03-30,CL=F,72.9800033569336,74.62999725341797,72.61000061035156,74.37000274658203,269743.0
219,2023-03-31,CL=F,74.37000274658203,75.72000122070312,73.7699966430664,75.66999816894531,304361.0
220,2023-04-03,CL=F,80.0999984741211,81.69000244140625,79.0,80.41999816894531,547126.0
221,2023-04-04,CL=F,80.44000244140625,81.80999755859375,79.61000061035156,80.70999908447266,343570.0
222,2023-04-05,CL=F,81.01000213623047,81.23999786376953,79.72000122070312,80.61000061035156,254974.0
223,2023-04-06,CL=F,80.37000274658203,80.95999908447266,79.6500015258789,80.69999694824219,0.0
224,2023-04-10,CL=F,80.5,81.22000122070312,79.61000061035156,79.73999786376953,264906.0
225,2023-04-11,CL=F,79.87999725341797,81.58999633789062,79.37000274658203,81.52999877929688,309683.0
226,2023-04-12,CL=F,81.44000244140625,83.52999877929688,81.27999877929688,83.26000213623047,356133.0
227,2023-04-13,CL=F,83.22000122070312,83.44000244140625,82.11000061035156,82.16000366210938,261230.0
228,2023-04-14,CL=F,82.4000015258789,83.12000274658203,81.76000213623047,82.5199966430664,275129.0
229,2023-04-17,CL=F,82.4800033569336,82.70999908447266,80.47000122070312,80.83000183105469,217048.0
230,2023-04-18,CL=F,81.0,81.4800033569336,79.87000274658203,80.86000061035156,96290.0
231,2023-04-19,CL=F,80.91999816894531,81.18000030517578,78.45999908447266,79.16000366210938,78310.0
232,2023-04-20,CL=F,78.87000274658203,78.88999938964844,76.97000122070312,77.29000091552734,361413.0
233,2023-04-21,CL=F,77.12999725341797,78.38999938964844,76.72000122070312,77.87000274658203,291114.0
234,2023-04-24,CL=F,77.97000122070312,79.18000030517578,76.72000122070312,78.76000213623047,306720.0
235,2023-04-25,CL=F,78.73999786376953,79.06999969482422,76.5,77.06999969482422,361646.0
236,2023-04-26,CL=F,77.08000183105469,77.93000030517578,74.05000305175781,74.30000305175781,497778.0
237,2023-04-27,CL=F,74.37999725341797,75.27999877929688,74.02999877929688,74.76000213623047,345880.0
238,2023-04-28,CL=F,74.91000366210938,76.91999816894531,73.93000030517578,76.77999877929688,328399.0
239,2023-05-01,CL=F,76.66000366210938,76.69000244140625,74.52999877929688,75.66000366210938,215017.0
240,2023-05-02,CL=F,75.76000213623047,76.11000061035156,71.41999816894531,71.66000366210938,417820.0
241,2023-05-03,CL=F,71.55999755859375,71.79000091552734,67.94999694824219,68.5999984741211,490523.0
242,2023-05-04,CL=F,68.16000366210938,69.83999633789062,63.63999938964844,68.55999755859375,412495.0
243,2023-05-05,CL=F,68.69999694824219,71.80999755859375,68.4800033569336,71.33999633789062,330585.0
244,2023-05-08,CL=F,71.3499984741211,73.69000244140625,71.04000091552734,73.16000366210938,290076.0
245,2023-05-09,CL=F,72.83999633789062,73.77999877929688,71.33999633789062,73.70999908447266,317493.0
246,2023-05-10,CL=F,73.58000183105469,73.88999938964844,71.80000305175781,72.55999755859375,351506.0
247,2023-05-11,CL=F,72.7699966430664,73.5,70.62999725341797,70.87000274658203,365892.0
248,2023-05-12,CL=F,71.41999816894531,71.77999877929688,69.93000030517578,70.04000091552734,275435.0
249,2023-05-15,CL=F,70.04000091552734,71.69000244140625,69.41000366210938,71.11000061035156,259013.0
250,2023-05-16,CL=F,71.31999969482422,71.79000091552734,70.44999694824219,70.86000061035156,232328.0
251,2023-05-17,CL=F,70.5999984741211,73.26000213623047,70.04000091552734,72.83000183105469,273708.0
252,2023-05-18,CL=F,72.75,72.87000274658203,71.41999816894531,71.86000061035156,80864.0
253,2023-05-19,CL=F,71.94000244140625,73.4000015258789,71.02999877929688,71.55000305175781,69949.0
254,2023-05-22,CL=F,71.69999694824219,72.36000061035156,70.55000305175781,71.98999786376953,263977.0
255,2023-05-23,CL=F,72.0999984741211,73.79000091552734,71.70999908447266,72.91000366210938,317586.0
256,2023-05-24,CL=F,73.7699966430664,74.7300033569336,73.12999725341797,74.33999633789062,386611.0
257,2023-05-25,CL=F,74.20999908447266,74.37000274658203,70.9800033569336,71.83000183105469,422637.0
258,2023-05-26,CL=F,71.88999938964844,73.05000305175781,71.48999786376953,72.66999816894531,261498.0
259,2023-05-30,CL=F,73.2300033569336,73.55000305175781,69.0199966430664,69.45999908447266,440862.0
260,2023-05-31,CL=F,69.62000274658203,69.69000244140625,67.02999877929688,68.08999633789062,444787.0
261,2023-06-01,CL=F,67.5999984741211,71.06999969482422,67.51000213623047,70.0999984741211,395393.0
262,2023-06-02,CL=F,70.20999908447266,72.16999816894531,70.0,71.73999786376953,322596.0
263,2023-06-05,CL=F,75.02999877929688,75.05999755859375,71.7300033569336,72.1500015258789,383943.0
264,2023-06-06,CL=F,71.98999786376953,72.33000183105469,70.12999725341797,71.73999786376953,314962.0
265,2023-06-07,CL=F,71.55999755859375,73.19000244140625,71.01000213623047,72.52999877929688,299127.0
266,2023-06-08,CL=F,72.47000122070312,73.27999877929688,69.02999877929688,71.29000091552734,485396.0
267,2023-06-09,CL=F,70.94000244140625,71.7699966430664,70.0999984741211,70.16999816894531,300724.0
268,2023-06-12,CL=F,70.2699966430664,70.33000183105469,66.80000305175781,67.12000274658203,404769.0
269,2023-06-13,CL=F,67.30999755859375,69.83000183105469,67.1500015258789,69.41999816894531,366354.0
270,2023-06-14,CL=F,69.3499984741211,70.48999786376953,68.06999969482422,68.2699966430664,304449.0
271,2023-06-15,CL=F,68.69999694824219,70.95999908447266,67.97000122070312,70.62000274658203,115613.0
272,2023-06-16,CL=F,70.55000305175781,71.88999938964844,69.94999694824219,71.77999877929688,99185.0
273,2023-06-20,CL=F,71.44999694824219,72.08999633789062,69.6500015258789,70.5,430492.0
274,2023-06-21,CL=F,70.9000015258789,72.72000122070312,70.80000305175781,72.52999877929688,264656.0
275,2023-06-22,CL=F,72.43000030517578,72.6500015258789,68.93000030517578,69.51000213623047,421348.0
276,2023-06-23,CL=F,69.52999877929688,69.6500015258789,67.3499984741211,69.16000366210938,322475.0
277,2023-06-26,CL=F,69.83999633789062,70.11000061035156,68.70999908447266,69.37000274658203,280116.0
278,2023-06-27,CL=F,69.48999786376953,70.1500015258789,67.5,67.69999694824219,384752.0
279,2023-06-28,CL=F,68.01000213623047,69.7300033569336,67.05000305175781,69.55999755859375,368295.0
280,2023-06-29,CL=F,69.25,70.5999984741211,68.93000030517578,69.86000061035156,292865.0
281,2023-06-30,CL=F,69.81999969482422,71.04000091552734,69.52999877929688,70.63999938964844,299873.0
282,2023-07-03,CL=F,70.44999694824219,71.7699966430664,69.69000244140625,69.79000091552734,303479.0
283,2023-07-05,CL=F,70.1500015258789,72.16999816894531,69.9000015258789,71.79000091552734,456809.0
284,2023-07-06,CL=F,71.80000305175781,72.33999633789062,70.22000122070312,71.80000305175781,395381.0
285,2023-07-07,CL=F,71.88999938964844,73.91999816894531,71.19000244140625,73.86000061035156,362632.0
286,2023-07-10,CL=F,73.86000061035156,74.1500015258789,72.66999816894531,72.98999786376953,301014.0
287,2023-07-11,CL=F,73.19000244140625,74.95999908447266,72.9800033569336,74.83000183105469,326883.0
288,2023-07-12,CL=F,74.83000183105469,76.1500015258789,74.66999816894531,75.75,352887.0
289,2023-07-13,CL=F,75.8499984741211,77.33000183105469,75.31999969482422,76.88999938964844,379728.0
290,2023-07-14,CL=F,77.16000366210938,77.30000305175781,75.11000061035156,75.41999816894531,299576.0
291,2023-07-17,CL=F,75.0199966430664,76.08999633789062,73.83999633789062,74.1500015258789,244785.0
292,2023-07-18,CL=F,74.18000030517578,75.95999908447266,73.87999725341797,75.75,125092.0
293,2023-07-19,CL=F,75.83999633789062,76.97000122070312,75.06999969482422,75.3499984741211,92920.0
294,2023-07-20,CL=F,75.3499984741211,76.1500015258789,74.72000122070312,75.62999725341797,340962.0
295,2023-07-21,CL=F,75.69999694824219,77.29000091552734,75.69000244140625,77.06999969482422,308106.0
296,2023-07-24,CL=F,77.01000213623047,79.27999877929688,76.44000244140625,78.73999786376953,368285.0
297,2023-07-25,CL=F,78.8499984741211,79.9000015258789,78.29000091552734,79.62999725341797,349600.0
298,2023-07-26,CL=F,79.33999633789062,79.7699966430664,78.55000305175781,78.77999877929688,322031.0
299,2023-07-27,CL=F,78.9000015258789,80.5999984741211,78.87000274658203,80.08999633789062,374358.0
300,2023-07-28,CL=F,79.83999633789062,80.70999908447266,79.06999969482422,80.58000183105469,299547.0
301,2023-07-31,CL=F,80.6500015258789,82.0,80.12999725341797,81.80000305175781,297270.0
302,2023-08-01,CL=F,81.7300033569336,82.22000122070312,80.58999633789062,81.37000274658203,307859.0
303,2023-08-02,CL=F,82.05000305175781,82.43000030517578,79.05000305175781,79.48999786376953,414825.0
304,2023-08-03,CL=F,79.7699966430664,81.86000061035156,78.69000244140625,81.55000305175781,402641.0
305,2023-08-04,CL=F,81.7300033569336,83.23999786376953,81.51000213623047,82.81999969482422,320873.0
306,2023-08-07,CL=F,82.81999969482422,83.30000305175781,81.5199966430664,81.94000244140625,293036.0
307,2023-08-08,CL=F,82.52999877929688,83.08000183105469,79.9000015258789,82.91999816894531,424545.0
308,2023-08-09,CL=F,82.87999725341797,84.6500015258789,82.66999816894531,84.4000015258789,478140.0
309,2023-08-10,CL=F,84.25,84.88999938964844,82.58000183105469,82.81999969482422,362188.0
310,2023-08-11,CL=F,82.83000183105469,83.80999755859375,82.2300033569336,83.19000244140625,331254.0
311,2023-08-14,CL=F,83.08999633789062,83.19999694824219,81.76000213623047,82.51000213623047,277352.0
312,2023-08-15,CL=F,82.5199966430664,82.91000366210938,80.4000015258789,80.98999786376953,303207.0
313,2023-08-16,CL=F,81.2300033569336,81.43000030517578,79.05000305175781,79.37999725341797,325403.0
314,2023-08-17,CL=F,79.25,81.08000183105469,78.94999694824219,80.38999938964844,235581.0
315,2023-08-18,CL=F,80.04000091552734,81.61000061035156,79.58999633789062,81.25,128090.0
316,2023-08-21,CL=F,81.43000030517578,82.47000122070312,80.61000061035156,80.72000122070312,115874.0
317,2023-08-22,CL=F,80.80000305175781,80.98999786376953,80.0999984741211,80.3499984741211,287489.0
318,2023-08-23,CL=F,79.63999938964844,79.91000366210938,77.62000274658203,78.88999938964844,378146.0
319,2023-08-24,CL=F,78.56999969482422,79.27999877929688,77.58999633789062,79.05000305175781,349230.0
320,2023-08-25,CL=F,78.87999725341797,80.44999694824219,78.13999938964844,79.83000183105469,411409.0
321,2023-08-28,CL=F,80.1500015258789,80.87000274658203,79.61000061035156,80.0999984741211,246584.0
322,2023-08-29,CL=F,79.9800033569336,81.41000366210938,79.33999633789062,81.16000366210938,284168.0
323,2023-08-30,CL=F,81.29000091552734,82.05000305175781,80.87999725341797,81.62999725341797,299418.0
324,2023-08-31,CL=F,81.69999694824219,83.69000244140625,81.4800033569336,83.62999725341797,368848.0
325,2023-09-01,CL=F,83.62999725341797,86.05999755859375,83.45999908447266,85.55000305175781,420461.0
326,2023-09-05,CL=F,86.05999755859375,88.06999969482422,85.0199966430664,86.69000244140625,452908.0
327,2023-09-06,CL=F,86.72000122070312,88.08000183105469,85.93000030517578,87.54000091552734,307115.0
328,2023-09-07,CL=F,87.54000091552734,87.73999786376953,86.38999938964844,86.87000274658203,270736.0
329,2023-09-08,CL=F,86.77999877929688,87.94999694824219,86.1500015258789,87.51000213623047,294437.0
330,2023-09-11,CL=F,87.4000015258789,88.1500015258789,86.70999908447266,87.29000091552734,292388.0
331,2023-09-12,CL=F,87.2699966430664,89.37000274658203,87.22000122070312,88.83999633789062,341137.0
332,2023-09-13,CL=F,88.75,89.63999938964844,88.29000091552734,88.5199966430664,345972.0
333,2023-09-14,CL=F,88.80999755859375,90.79000091552734,88.68000030517578,90.16000366210938,325270.0
334,2023-09-15,CL=F,90.66999816894531,91.2300033569336,89.22000122070312,90.7699966430664,315003.0
335,2023-09-18,CL=F,91.19999694824219,92.43000030517578,90.75,91.4800033569336,119258.0
336,2023-09-19,CL=F,92.22000122070312,93.73999786376953,91.06999969482422,91.19999694824219,94597.0
337,2023-09-20,CL=F,91.55000305175781,91.9800033569336,89.87000274658203,90.27999877929688,457854.0
338,2023-09-21,CL=F,89.30000305175781,90.9800033569336,88.37000274658203,89.62999725341797,351032.0
339,2023-09-22,CL=F,89.62000274658203,91.33000183105469,89.30999755859375,90.02999877929688,402087.0
340,2023-09-25,CL=F,90.55000305175781,90.83000183105469,89.02999877929688,89.68000030517578,328369.0
341,2023-09-26,CL=F,89.87999725341797,90.73999786376953,88.19000244140625,90.38999938964844,318016.0
342,2023-09-27,CL=F,90.52999877929688,94.16999816894531,90.4000015258789,93.68000030517578,504630.0
343,2023-09-28,CL=F,93.77999877929688,95.02999877929688,91.38999938964844,91.70999908447266,406709.0
344,2023-09-29,CL=F,91.76000213623047,93.0999984741211,90.3499984741211,90.79000091552734,355782.0
345,2023-10-02,CL=F,90.81999969482422,91.87999725341797,88.45999908447266,88.81999969482422,334493.0
346,2023-10-03,CL=F,88.66999816894531,90.2699966430664,87.76000213623047,89.2300033569336,350659.0
347,2023-10-04,CL=F,89.41999816894531,89.58999633789062,84.16000366210938,84.22000122070312,459995.0
348,2023-10-05,CL=F,84.44999694824219,84.91999816894531,82.1500015258789,82.30999755859375,465997.0
349,2023-10-06,CL=F,82.27999877929688,83.27999877929688,81.5,82.79000091552734,461139.0
350,2023-10-09,CL=F,85.25,87.23999786376953,84.66999816894531,86.37999725341797,435037.0
351,2023-10-10,CL=F,86.43000030517578,86.73999786376953,85.12000274658203,85.97000122070312,337654.0
352,2023-10-11,CL=F,85.95999908447266,86.51000213623047,83.11000061035156,83.48999786376953,425395.0
353,2023-10-12,CL=F,83.19999694824219,85.19999694824219,82.30999755859375,82.91000366210938,373492.0
354,2023-10-13,CL=F,83.51000213623047,87.83000183105469,83.3499984741211,87.69000244140625,356863.0
355,2023-10-16,CL=F,87.72000122070312,88.33000183105469,86.31999969482422,86.66000366210938,235780.0
356,2023-10-17,CL=F,87.05999755859375,87.75,85.5999984741211,86.66000366210938,197124.0
357,2023-10-18,CL=F,87.80999755859375,89.87999725341797,87.19999694824219,88.31999969482422,92797.0
358,2023-10-19,CL=F,88.23999786376953,90.68000030517578,86.5999984741211,89.37000274658203,72058.0
359,2023-10-20,CL=F,90.27999877929688,90.77999877929688,88.33000183105469,88.75,311917.0
360,2023-10-23,CL=F,88.0,88.29000091552734,85.3499984741211,85.48999786376953,315517.0
361,2023-10-24,CL=F,86.1500015258789,86.30000305175781,82.94000244140625,83.73999786376953,370591.0
362,2023-10-25,CL=F,83.69000244140625,85.55999755859375,82.08000183105469,85.38999938964844,429459.0
363,2023-10-26,CL=F,85.37000274658203,85.58999633789062,82.55999755859375,83.20999908447266,341792.0
364,2023-10-27,CL=F,83.52999877929688,85.9000015258789,83.0999984741211,85.54000091552734,333760.0
365,2023-10-30,CL=F,85.0,85.30000305175781,81.81999969482422,82.30999755859375,356928.0
366,2023-10-31,CL=F,82.58999633789062,83.37000274658203,80.73999786376953,81.0199966430664,346007.0
367,2023-11-01,CL=F,81.4800033569336,83.41999816894531,80.30000305175781,80.44000244140625,321592.0
368,2023-11-02,CL=F,80.81999969482422,82.83000183105469,80.22000122070312,82.45999908447266,307122.0
369,2023-11-03,CL=F,82.58000183105469,83.5999984741211,80.0999984741211,80.51000213623047,457281.0
370,2023-11-06,CL=F,81.12999725341797,82.23999786376953,80.66000366210938,80.81999969482422,271131.0
371,2023-11-07,CL=F,80.93000030517578,81.05000305175781,77.08999633789062,77.37000274658203,396289.0
372,2023-11-08,CL=F,77.12000274658203,77.52999877929688,74.91000366210938,75.33000183105469,429647.0
373,2023-11-09,CL=F,75.6500015258789,77.16000366210938,75.20999908447266,75.73999786376953,303430.0
374,2023-11-10,CL=F,75.58999633789062,77.7300033569336,75.30999755859375,77.16999816894531,266998.0
375,2023-11-13,CL=F,77.1500015258789,78.63999938964844,76.20999908447266,78.26000213623047,262903.0
376,2023-11-14,CL=F,78.52999877929688,79.7699966430664,77.79000091552734,78.26000213623047,263002.0
377,2023-11-15,CL=F,78.16999816894531,78.7699966430664,76.30999755859375,76.66000366210938,282301.0
378,2023-11-16,CL=F,76.5999984741211,76.62999725341797,72.16000366210938,72.9000015258789,125165.0
379,2023-11-17,CL=F,72.97000122070312,75.98999786376953,72.75,75.88999938964844,101484.0
380,2023-11-20,CL=F,75.6500015258789,78.22000122070312,75.6500015258789,77.5999984741211,270638.0
381,2023-11-21,CL=F,77.6500015258789,77.91999816894531,76.91999816894531,77.7699966430664,238629.0
382,2023-11-22,CL=F,77.7699966430664,77.97000122070312,73.79000091552734,77.0999984741211,389325.0
383,2023-11-24,CL=F,76.79000091552734,77.08999633789062,75.06999969482422,75.54000091552734,281147.0
384,2023-11-27,CL=F,75.30999755859375,76.2300033569336,74.05999755859375,74.86000061035156,289562.0
385,2023-11-28,CL=F,75.06999969482422,77.0199966430664,74.63999938964844,76.41000366210938,286618.0
386,2023-11-29,CL=F,76.55999755859375,78.08999633789062,75.66999816894531,77.86000061035156,322170.0
387,2023-11-30,CL=F,77.75,79.5999984741211,75.05000305175781,75.95999908447266,559169.0
388,2023-12-01,CL=F,75.58999633789062,76.76000213623047,73.93000030517578,74.06999969482422,358976.0
389,2023-12-04,CL=F,74.58000183105469,75.02999877929688,72.62999725341797,73.04000091552734,388832.0
390,2023-12-05,CL=F,73.30000305175781,74.12000274658203,72.0199966430664,72.31999969482422,358703.0
391,2023-12-06,CL=F,72.0999984741211,72.5999984741211,69.11000061035156,69.37999725341797,436803.0
392,2023-12-07,CL=F,69.27999877929688,70.4800033569336,68.80000305175781,69.33999633789062,339000.0
393,2023-12-08,CL=F,69.76000213623047,71.62999725341797,69.5,71.2300033569336,302250.0
394,2023-12-11,CL=F,71.1500015258789,71.80999755859375,70.3499984741211,71.31999969482422,274414.0
395,2023-12-12,CL=F,71.43000030517578,71.95999908447266,68.22000122070312,68.61000061035156,324530.0
396,2023-12-13,CL=F,68.7300033569336,69.88999938964844,67.70999908447266,69.47000122070312,306996.0
397,2023-12-14,CL=F,69.8499984741211,72.45999908447266,69.54000091552734,71.58000183105469,275688.0
398,2023-12-15,CL=F,71.61000061035156,72.22000122070312,70.30000305175781,71.43000030517578,95513.0
399,2023-12-18,CL=F,71.68000030517578,74.26000213623047,70.63999938964844,72.47000122070312,73941.0
400,2023-12-19,CL=F,72.4800033569336,74.01000213623047,71.8499984741211,73.44000244140625,230042.0
401,2023-12-20,CL=F,74.05999755859375,75.37000274658203,73.5999984741211,74.22000122070312,273364.0
402,2023-12-21,CL=F,73.80999755859375,74.58000183105469,72.44000244140625,73.88999938964844,251982.0
403,2023-12-22,CL=F,73.91000366210938,74.9800033569336,73.38999938964844,73.55999755859375,222600.0
404,2023-12-26,CL=F,73.55999755859375,76.18000030517578,73.12999725341797,75.56999969482422,208715.0
405,2023-12-27,CL=F,75.31999969482422,75.66000366210938,73.7699966430664,74.11000061035156,253323.0
406,2023-12-28,CL=F,73.80000305175781,74.4000015258789,71.72000122070312,71.7699966430664,262748.0
407,2023-12-29,CL=F,71.98999786376953,72.62000274658203,71.25,71.6500015258789,214486.0
408,2024-01-02,CL=F,71.70999908447266,73.63999938964844,70.05999755859375,70.37999725341797,330992.0
409,2024-01-03,CL=F,70.5,73.2300033569336,69.27999877929688,72.69999694824219,334861.0
410,2024-01-04,CL=F,73.04000091552734,74.0,71.05999755859375,72.19000244140625,344467.0
411,2024-01-05,CL=F,72.4000015258789,74.23999786376953,72.20999908447266,73.80999755859375,325525.0
412,2024-01-08,CL=F,73.51000213623047,73.94999694824219,70.12999725341797,70.7699966430664,392249.0
413,2024-01-09,CL=F,70.91000366210938,72.93000030517578,70.47000122070312,72.23999786376953,363445.0
414,2024-01-10,CL=F,72.16999816894531,73.58999633789062,71.01000213623047,71.37000274658203,352772.0
415,2024-01-11,CL=F,71.33000183105469,73.80999755859375,71.16999816894531,72.0199966430664,373645.0
416,2024-01-12,CL=F,73.01000213623047,75.25,72.36000061035156,72.68000030517578,403636.0
417,2024-01-16,CL=F,72.62999725341797,73.55999755859375,71.2300033569336,72.4000015258789,430437.0
418,2024-01-17,CL=F,72.0,72.94999694824219,70.5,72.55999755859375,315679.0
419,2024-01-18,CL=F,72.77999877929688,74.37999725341797,72.18000030517578,74.08000183105469,86646.0
420,2024-01-19,CL=F,74.08000183105469,74.91000366210938,73.19999694824219,73.41000366210938,78234.0
421,2024-01-22,CL=F,73.41000366210938,75.75,72.88999938964844,75.19000244140625,372284.0
422,2024-01-23,CL=F,74.68000030517578,75.25,73.41000366210938,74.37000274658203,306060.0
423,2024-01-24,CL=F,74.56999969482422,75.83000183105469,73.94000244140625,75.08999633789062,323726.0
424,2024-01-25,CL=F,75.30000305175781,77.51000213623047,75.16000366210938,77.36000061035156,320177.0
425,2024-01-26,CL=F,77.1500015258789,78.26000213623047,76.05999755859375,78.01000213623047,365456.0
426,2024-01-29,CL=F,78.9000015258789,79.29000091552734,76.41000366210938,76.77999877929688,331925.0
427,2024-01-30,CL=F,77.0199966430664,78.13999938964844,75.8499984741211,77.81999969482422,347242.0
428,2024-01-31,CL=F,77.83999633789062,78.11000061035156,75.5199966430664,75.8499984741211,344493.0
429,2024-02-01,CL=F,75.95999908447266,76.94999694824219,73.69999694824219,73.81999969482422,577936.0
430,2024-02-02,CL=F,73.91000366210938,74.5199966430664,71.79000091552734,72.27999877929688,467768.0
431,2024-02-05,CL=F,72.75,73.27999877929688,71.41000366210938,72.77999877929688,350843.0
432,2024-02-06,CL=F,72.76000213623047,73.81999969482422,72.37999725341797,73.30999755859375,310955.0
433,2024-02-07,CL=F,73.5,74.22000122070312,73.2300033569336,73.86000061035156,294955.0
434,2024-02-08,CL=F,74.08000183105469,76.58999633789062,73.55999755859375,76.22000122070312,377906.0
435,2024-02-09,CL=F,76.41999816894531,77.29000091552734,75.93000030517578,76.83999633789062,302612.0
436,2024-02-12,CL=F,76.5999984741211,77.08999633789062,75.54000091552734,76.91999816894531,248476.0
437,2024-02-13,CL=F,77.02999877929688,78.47000122070312,76.87000274658203,77.87000274658203,338174.0
438,2024-02-14,CL=F,77.80999755859375,78.7699966430664,76.37999725341797,76.63999938964844,296131.0
439,2024-02-15,CL=F,76.5999984741211,78.44000244140625,75.77999877929688,78.02999877929688,122432.0
440,2024-02-16,CL=F,78.11000061035156,79.3499984741211,77.22000122070312,79.19000244140625,113713.0
441,2024-02-20,CL=F,78.9800033569336,79.80000305175781,77.66999816894531,78.18000030517578,435235.0
442,2024-02-21,CL=F,77.1500015258789,78.08000183105469,76.31999969482422,77.91000366210938,323243.0
443,2024-02-22,CL=F,78.08999633789062,78.91999816894531,77.2300033569336,78.61000061035156,330511.0
444,2024-02-23,CL=F,78.37000274658203,78.38999938964844,76.3499984741211,76.48999786376953,353437.0
445,2024-02-26,CL=F,76.4000015258789,78.02999877929688,75.83999633789062,77.58000183105469,274710.0
446,2024-02-27,CL=F,77.62000274658203,79.0,77.16999816894531,78.87000274658203,269236.0
447,2024-02-28,CL=F,78.4800033569336,79.62000274658203,77.77999877929688,78.54000091552734,330043.0
448,2024-02-29,CL=F,78.19999694824219,79.27999877929688,77.94000244140625,78.26000213623047,317939.0
449,2024-03-01,CL=F,78.27999877929688,80.8499984741211,78.05000305175781,79.97000122070312,363417.0
450,2024-03-04,CL=F,80.13999938964844,80.41000366210938,78.55999755859375,78.73999786376953,347214.0
451,2024-03-05,CL=F,78.73999786376953,79.48999786376953,77.5199966430664,78.1500015258789,436521.0
452,2024-03-06,CL=F,78.1500015258789,80.66999816894531,77.98999786376953,79.12999725341797,371049.0
453,2024-03-07,CL=F,79.12999725341797,79.52999877929688,78.0199966430664,78.93000030517578,432923.0
454,2024-03-08,CL=F,79.51000213623047,79.98999786376953,77.55999755859375,78.01000213623047,347533.0
455,2024-03-11,CL=F,77.80000305175781,78.47000122070312,76.79000091552734,77.93000030517578,329873.0
456,2024-03-12,CL=F,78.08999633789062,78.7300033569336,77.33999633789062,77.55999755859375,309922.0
457,2024-03-13,CL=F,78.05999755859375,79.9000015258789,77.56999969482422,79.72000122070312,316390.0
458,2024-03-14,CL=F,79.62999725341797,81.62000274658203,79.56999969482422,81.26000213623047,297450.0
459,2024-03-15,CL=F,81.13999938964844,81.44999694824219,80.48999786376953,81.04000091552734,185078.0
460,2024-03-18,CL=F,81.02999877929688,83.08999633789062,81.01000213623047,82.72000122070312,84718.0
461,2024-03-19,CL=F,82.8499984741211,83.8499984741211,82.38999938964844,83.47000122070312,76814.0
462,2024-03-20,CL=F,83.19999694824219,83.20999908447266,81.44000244140625,81.68000030517578,351161.0
463,2024-03-21,CL=F,81.48999786376953,81.91999816894531,80.30000305175781,81.06999969482422,266860.0
464,2024-03-22,CL=F,80.83999633789062,81.44999694824219,80.41999816894531,80.62999725341797,231101.0
465,2024-03-25,CL=F,80.8499984741211,82.4800033569336,80.58999633789062,81.94999694824219,300360.0
466,2024-03-26,CL=F,81.94000244140625,82.36000061035156,81.22000122070312,81.62000274658203,235845.0
467,2024-03-27,CL=F,81.29000091552734,81.73999786376953,80.55000305175781,81.3499984741211,249964.0
468,2024-03-28,CL=F,81.70999908447266,83.20999908447266,81.5199966430664,83.16999816894531,293774.0
469,2024-04-01,CL=F,83.13999938964844,84.48999786376953,82.5999984741211,83.70999908447266,321059.0
470,2024-04-02,CL=F,84.04000091552734,85.5,83.8499984741211,85.1500015258789,344040.0
471,2024-04-03,CL=F,85.45999908447266,86.19999694824219,84.8499984741211,85.43000030517578,322549.0
472,2024-04-04,CL=F,85.66000366210938,87.22000122070312,84.63999938964844,86.58999633789062,359534.0
473,2024-04-05,CL=F,86.86000061035156,87.62999725341797,86.31999969482422,86.91000366210938,353206.0
474,2024-04-08,CL=F,86.0999984741211,87.0999984741211,84.69000244140625,86.43000030517578,393734.0
475,2024-04-09,CL=F,86.58999633789062,86.9800033569336,85.08999633789062,85.2300033569336,314994.0
476,2024-04-10,CL=F,85.33999633789062,86.37999725341797,84.55000305175781,86.20999908447266,373939.0
477,2024-04-11,CL=F,86.31999969482422,86.62999725341797,84.83999633789062,85.0199966430664,388128.0
478,2024-04-12,CL=F,85.5999984741211,87.66999816894531,85.23999786376953,85.66000366210938,369958.0
479,2024-04-15,CL=F,85.93000030517578,86.11000061035156,84.05000305175781,85.41000366210938,343894.0
480,2024-04-16,CL=F,85.69999694824219,86.18000030517578,84.75,85.36000061035156,241343.0
481,2024-04-17,CL=F,85.36000061035156,85.51000213623047,82.55000305175781,82.69000244140625,259540.0
482,2024-04-18,CL=F,82.79000091552734,83.47000122070312,81.55999755859375,82.7300033569336,84468.0
483,2024-04-19,CL=F,82.62000274658203,86.27999877929688,81.80000305175781,83.13999938964844,76901.0
484,2024-04-22,CL=F,83.05000305175781,83.3499984741211,81.8499984741211,82.8499984741211,313914.0
485,2024-04-23,CL=F,82.12999725341797,83.43000030517578,80.87999725341797,83.36000061035156,355814.0
486,2024-04-24,CL=F,83.4000015258789,83.70999908447266,82.44000244140625,82.80999755859375,329077.0
487,2024-04-25,CL=F,82.83000183105469,83.83000183105469,81.98999786376953,83.56999969482422,314116.0
488,2024-04-26,CL=F,83.80999755859375,84.45999908447266,83.3499984741211,83.8499984741211,244090.0
489,2024-04-29,CL=F,83.69000244140625,83.91000366210938,82.4000015258789,82.62999725341797,336984.0
490,2024-04-30,CL=F,82.76000213623047,83.30000305175781,80.94999694824219,81.93000030517578,400680.0
491,2024-05-01,CL=F,81.4800033569336,81.56999969482422,78.83000183105469,79.0,441978.0
492,2024-05-02,CL=F,79.1500015258789,79.9000015258789,78.41000366210938,78.94999694824219,359652.0
493,2024-05-03,CL=F,79.06999969482422,79.62999725341797,77.95999908447266,78.11000061035156,324438.0
494,2024-05-06,CL=F,78.16000366210938,79.08999633789062,77.91000366210938,78.4800033569336,297369.0
495,2024-05-07,CL=F,78.72000122070312,79.16999816894531,77.55000305175781,78.37999725341797,327593.0
496,2024-05-08,CL=F,78.33999633789062,79.2699966430664,76.88999938964844,78.98999786376953,355449.0
497,2024-05-09,CL=F,79.2300033569336,79.80000305175781,78.91000366210938,79.26000213623047,272712.0
498,2024-05-10,CL=F,79.58999633789062,79.95999908447266,78.13999938964844,78.26000213623047,281169.0
499,2024-05-13,CL=F,78.18000030517578,79.48999786376953,77.77999877929688,79.12000274658203,287701.0
500,2024-05-14,CL=F,79.2300033569336,79.37999725341797,77.68000030517578,78.0199966430664,307410.0
501,2024-05-15,CL=F,78.44000244140625,78.91999816894531,76.69999694824219,78.62999725341797,321267.0
502,2024-05-16,CL=F,78.83999633789062,79.8499984741211,78.19999694824219,79.2300033569336,230277.0
503,2024-05-17,CL=F,79.37999725341797,80.13999938964844,79.0,80.05999755859375,94152.0
504,2024-05-20,CL=F,80.01000213623047,80.5999984741211,79.16999816894531,79.80000305175781,85072.0
505,2024-05-21,CL=F,79.69999694824219,79.72000122070312,78.08000183105469,79.26000213623047,371672.0
506,2024-05-22,CL=F,78.20999908447266,78.41000366210938,77.25,77.56999969482422,314145.0
507,2024-05-23,CL=F,77.29000091552734,78.66000366210938,76.43000030517578,76.87000274658203,330273.0
508,2024-05-24,CL=F,77.04000091552734,78.05000305175781,76.1500015258789,77.72000122070312,299075.0
509,2024-05-28,CL=F,77.80999755859375,80.29000091552734,77.69000244140625,79.83000183105469,334074.0
510,2024-05-29,CL=F,80.26000213623047,80.62000274658203,78.98999786376953,79.2300033569336,259594.0
511,2024-05-30,CL=F,79.27999877929688,79.41999816894531,77.62999725341797,77.91000366210938,373779.0
512,2024-05-31,CL=F,77.91000366210938,78.62000274658203,76.66999816894531,76.98999786376953,345120.0
513,2024-06-03,CL=F,76.97000122070312,77.5199966430664,73.9800033569336,74.22000122070312,443271.0
514,2024-06-04,CL=F,74.0199966430664,74.12999725341797,72.4800033569336,73.25,408721.0
515,2024-06-05,CL=F,72.9000015258789,74.33000183105469,72.81999969482422,74.06999969482422,307701.0
516,2024-06-06,CL=F,74.30000305175781,75.79000091552734,74.05999755859375,75.55000305175781,291082.0
517,2024-06-07,CL=F,75.66999816894531,76.25,75.20999908447266,75.52999877929688,280253.0
518,2024-06-10,CL=F,75.3499984741211,78.29000091552734,75.2300033569336,77.73999786376953,317031.0
519,2024-06-11,CL=F,78.12000274658203,78.36000061035156,77.22000122070312,77.9000015258789,314874.0
520,2024-06-12,CL=F,78.22000122070312,79.31999969482422,77.87999725341797,78.5,322285.0
521,2024-06-13,CL=F,78.37000274658203,78.88999938964844,77.66999816894531,78.62000274658203,307638.0
522,2024-06-14,CL=F,77.95999908447266,79.1500015258789,77.7300033569336,78.44999694824219,245827.0
523,2024-06-17,CL=F,78.4800033569336,80.66000366210938,77.9800033569336,80.33000183105469,126733.0
524,2024-06-18,CL=F,80.43000030517578,81.66999816894531,79.7699966430664,81.56999969482422,140709.0
525,2024-06-20,CL=F,81.5199966430664,82.41000366210938,81.12999725341797,82.16999816894531,420499.0
526,2024-06-21,CL=F,81.2699966430664,81.79000091552734,80.3499984741211,80.7300033569336,290500.0
527,2024-06-24,CL=F,80.44999694824219,81.77999877929688,80.2300033569336,81.62999725341797,271745.0
528,2024-06-25,CL=F,81.69999694824219,81.9000015258789,80.55000305175781,80.83000183105469,286038.0
529,2024-06-26,CL=F,80.72000122070312,81.62999725341797,80.18000030517578,80.9000015258789,308410.0
530,2024-06-27,CL=F,80.86000061035156,82.04000091552734,80.51000213623047,81.73999786376953,306342.0
531,2024-06-28,CL=F,81.86000061035156,82.72000122070312,80.97000122070312,81.54000091552734,260252.0
532,2024-07-01,CL=F,81.44999694824219,83.63999938964844,81.37999725341797,83.37999725341797,345780.0
533,2024-07-02,CL=F,83.43000030517578,84.37999725341797,82.72000122070312,82.80999755859375,367787.0
534,2024-07-03,CL=F,83.19999694824219,83.93000030517578,82.45999908447266,83.87999725341797,289685.0
535,2024-07-05,CL=F,83.5999984741211,84.5199966430664,83.0199966430664,83.16000366210938,361357.0
536,2024-07-08,CL=F,83.1500015258789,83.31999969482422,82.08000183105469,82.33000183105469,251774.0
537,2024-07-09,CL=F,82.22000122070312,82.4800033569336,81.25,81.41000366210938,297325.0
538,2024-07-10,CL=F,81.80999755859375,82.66000366210938,80.80999755859375,82.0999984741211,334380.0
539,2024-07-11,CL=F,82.4000015258789,83.12999725341797,81.62999725341797,82.62000274658203,324170.0
540,2024-07-12,CL=F,82.86000061035156,83.73999786376953,82.0999984741211,82.20999908447266,370062.0
541,2024-07-15,CL=F,82.16000366210938,82.58000183105469,81.47000122070312,81.91000366210938,296520.0
542,2024-07-16,CL=F,81.91999816894531,81.93000030517578,80.22000122070312,80.76000213623047,308186.0
543,2024-07-17,CL=F,80.8499984741211,83.0999984741211,80.44999694824219,82.8499984741211,257437.0
544,2024-07-18,CL=F,83.11000061035156,83.81999969482422,82.04000091552734,82.81999969482422,95704.0
545,2024-07-19,CL=F,82.47000122070312,82.87999725341797,80.06999969482422,80.12999725341797,83795.0
546,2024-07-22,CL=F,80.38999938964844,80.69000244140625,79.16999816894531,79.77999877929688,345235.0
547,2024-07-23,CL=F,78.2699966430664,78.7300033569336,76.4000015258789,76.95999908447266,417941.0
548,2024-07-24,CL=F,77.44999694824219,78.19000244140625,76.9800033569336,77.58999633789062,355971.0
549,2024-07-25,CL=F,77.5,78.47000122070312,76.04000091552734,78.27999877929688,457288.0
550,2024-07-26,CL=F,78.3499984741211,78.5999984741211,76.19000244140625,77.16000366210938,365121.0
551,2024-07-29,CL=F,77.30000305175781,77.69000244140625,75.3499984741211,75.80999755859375,362635.0
552,2024-07-30,CL=F,75.91000366210938,75.97000122070312,74.58999633789062,74.7300033569336,419478.0
553,2024-07-31,CL=F,75.23999786376953,78.66000366210938,75.18000030517578,77.91000366210938,460315.0
554,2024-08-01,CL=F,78.58999633789062,78.87999725341797,76.23999786376953,76.30999755859375,383014.0
555,2024-08-02,CL=F,76.87000274658203,77.29000091552734,72.97000122070312,73.5199966430664,467786.0
556,2024-08-05,CL=F,74.20999908447266,74.45999908447266,71.66999816894531,72.94000244140625,500151.0
557,2024-08-06,CL=F,73.86000061035156,74.55999755859375,72.19999694824219,73.19999694824219,352250.0
558,2024-08-07,CL=F,72.83999633789062,75.83999633789062,72.58000183105469,75.2300033569336,427995.0
559,2024-08-08,CL=F,75.47000122070312,76.5199966430664,74.5999984741211,76.19000244140625,327301.0
560,2024-08-09,CL=F,76.0199966430664,77.08999633789062,75.8499984741211,76.83999633789062,263007.0
561,2024-08-12,CL=F,76.98999786376953,80.16000366210938,76.69999694824219,80.05999755859375,376747.0
562,2024-08-13,CL=F,79.73999786376953,80.1500015258789,78.16000366210938,78.3499984741211,370763.0
563,2024-08-14,CL=F,78.7300033569336,79.0999984741211,76.83000183105469,76.9800033569336,357636.0
564,2024-08-15,CL=F,77.5199966430664,78.5999984741211,76.93000030517578,78.16000366210938,195122.0
565,2024-08-16,CL=F,78.16000366210938,78.16000366210938,75.54000091552734,76.6500015258789,100810.0
566,2024-08-19,CL=F,76.58000183105469,76.87000274658203,74.16999816894531,74.37000274658203,118172.0
567,2024-08-20,CL=F,74.33999633789062,75.02999877929688,73.5,74.04000091552734,329276.0
568,2024-08-21,CL=F,73.12000274658203,74.16000366210938,71.45999908447266,71.93000030517578,390527.0
569,2024-08-22,CL=F,71.93000030517578,73.5199966430664,71.58000183105469,73.01000213623047,334117.0
570,2024-08-23,CL=F,72.95999908447266,75.06999969482422,72.83000183105469,74.83000183105469,313764.0
571,2024-08-26,CL=F,75.0999984741211,77.5999984741211,75.04000091552734,77.41999816894531,409675.0
572,2024-08-27,CL=F,77.19999694824219,77.4800033569336,75.4000015258789,75.52999877929688,331162.0
573,2024-08-28,CL=F,75.75,75.94999694824219,73.81999969482422,74.5199966430664,337361.0
574,2024-08-29,CL=F,74.41999816894531,76.91000366210938,74.05000305175781,75.91000366210938,408147.0
575,2024-08-30,CL=F,75.87000274658203,76.58999633789062,73.36000061035156,73.55000305175781,427273.0
576,2024-09-03,CL=F,73.52999877929688,74.41000366210938,70.0999984741211,70.33999633789062,546617.0
577,2024-09-04,CL=F,70.27999877929688,71.45999908447266,68.81999969482422,69.19999694824219,482025.0
578,2024-09-05,CL=F,69.2699966430664,70.81999969482422,68.75,69.1500015258789,405596.0
579,2024-09-06,CL=F,69.33000183105469,70.12999725341797,67.16999816894531,67.66999816894531,351074.0
580,2024-09-09,CL=F,68.12999725341797,68.95999908447266,67.30999755859375,68.70999908447266,351074.0
581,2024-09-10,CL=F,68.77999877929688,69.08000183105469,65.2699966430664,65.75,442855.0
582,2024-09-11,CL=F,66.27999877929688,67.97000122070312,65.62999725341797,67.30999755859375,393311.0
583,2024-09-12,CL=F,67.38999938964844,69.80999755859375,67.23999786376953,68.97000122070312,351976.0
584,2024-09-13,CL=F,69.30999755859375,70.31999969482422,68.47000122070312,68.6500015258789,308983.0
585,2024-09-16,CL=F,69.16000366210938,70.69999694824219,68.6500015258789,70.08999633789062,295176.0
586,2024-09-17,CL=F,70.5,71.91999816894531,69.61000061035156,71.19000244140625,251629.0
587,2024-09-18,CL=F,71.13999938964844,71.4800033569336,69.7300033569336,70.91000366210938,102907.0
588,2024-09-19,CL=F,70.12999725341797,72.48999786376953,70.12999725341797,71.94999694824219,86630.0
589,2024-09-20,CL=F,72.0999984741211,72.4000015258789,71.36000061035156,71.91999816894531,306997.0
590,2024-09-23,CL=F,71.30999755859375,71.80999755859375,69.48999786376953,70.37000274658203,338267.0
591,2024-09-24,CL=F,70.76000213623047,72.4000015258789,70.44000244140625,71.55999755859375,318516.0
592,2024-09-25,CL=F,71.54000091552734,71.72000122070312,69.2300033569336,69.69000244140625,476237.0
593,2024-09-26,CL=F,69.88999938964844,70.01000213623047,66.94999694824219,67.66999816894531,478069.0
594,2024-09-27,CL=F,67.44999694824219,68.6500015258789,67.05999755859375,68.18000030517578,341133.0
595,2024-09-30,CL=F,68.62999725341797,69.31999969482422,67.56999969482422,68.16999816894531,350115.0
596,2024-10-01,CL=F,68.41000366210938,71.94000244140625,66.33000183105469,69.83000183105469,668216.0
597,2024-10-02,CL=F,70.80000305175781,72.48999786376953,69.87000274658203,70.0999984741211,429225.0
598,2024-10-03,CL=F,70.9800033569336,74.08999633789062,70.5199966430664,73.70999908447266,460554.0
599,2024-10-04,CL=F,73.94999694824219,75.56999969482422,73.45999908447266,74.37999725341797,428815.0
600,2024-10-07,CL=F,74.4000015258789,77.4000015258789,73.62000274658203,77.13999938964844,419018.0
601,2024-10-08,CL=F,77.33000183105469,78.45999908447266,72.69000244140625,73.56999969482422,496760.0
602,2024-10-09,CL=F,73.83999633789062,74.44999694824219,71.52999877929688,73.23999786376953,401159.0
603,2024-10-10,CL=F,73.38999938964844,76.23999786376953,73.26000213623047,75.8499984741211,321453.0
604,2024-10-11,CL=F,75.73999786376953,76.04000091552734,74.52999877929688,75.55999755859375,315302.0
605,2024-10-14,CL=F,75.05000305175781,75.08000183105469,71.80999755859375,73.83000183105469,273455.0
606,2024-10-15,CL=F,71.51000213623047,72.12000274658203,69.70999908447266,70.58000183105469,328738.0
607,2024-10-16,CL=F,70.98999786376953,71.30999755859375,69.63999938964844,70.38999938964844,222437.0
608,2024-10-17,CL=F,70.68000030517578,71.11000061035156,69.44000244140625,70.66999816894531,188161.0
609,2024-10-18,CL=F,70.75,71.2300033569336,68.69000244140625,69.22000122070312,95768.0
610,2024-10-21,CL=F,69.45999908447266,71.02999877929688,69.0,70.55999755859375,92584.0
611,2024-10-22,CL=F,70.48999786376953,72.66000366210938,70.05000305175781,72.08999633789062,330456.0
612,2024-10-23,CL=F,71.3499984741211,71.72000122070312,70.12999725341797,70.7699966430664,293835.0
613,2024-10-24,CL=F,71.0199966430664,72.33999633789062,69.7699966430664,70.19000244140625,286571.0
614,2024-10-25,CL=F,70.33000183105469,71.91999816894531,69.95999908447266,71.77999877929688,287189.0
615,2024-10-28,CL=F,68.9800033569336,69.0,66.91999816894531,67.37999725341797,419623.0
616,2024-10-29,CL=F,68.0199966430664,68.5199966430664,66.72000122070312,67.20999908447266,291929.0
617,2024-10-30,CL=F,67.47000122070312,69.16999816894531,67.27999877929688,68.61000061035156,284795.0
618,2024-10-31,CL=F,69.0999984741211,70.80999755859375,68.30000305175781,69.26000213623047,311055.0
619,2024-11-01,CL=F,70.44000244140625,71.44999694824219,69.31999969482422,69.48999786376953,320572.0
620,2024-11-04,CL=F,70.29000091552734,71.80999755859375,70.25,71.47000122070312,286947.0
621,2024-11-05,CL=F,71.62000274658203,72.66999816894531,71.29000091552734,71.98999786376953,247311.0
622,2024-11-06,CL=F,72.0199966430664,72.62999725341797,69.73999786376953,71.69000244140625,388265.0
623,2024-11-07,CL=F,71.87000274658203,72.87999725341797,70.66000366210938,72.36000061035156,353595.0
624,2024-11-08,CL=F,72.20999908447266,72.25,69.98999786376953,70.37999725341797,362038.0
625,2024-11-11,CL=F,70.25,70.55999755859375,67.91999816894531,68.04000091552734,364506.0
626,2024-11-12,CL=F,68.1500015258789,69.12999725341797,67.75,68.12000274658203,286926.0
627,2024-11-13,CL=F,67.9800033569336,68.86000061035156,66.94000244140625,68.43000030517578,386027.0
628,2024-11-14,CL=F,68.12999725341797,69.38999938964844,67.91999816894531,68.69999694824219,232270.0
629,2024-11-15,CL=F,68.62000274658203,68.69000244140625,66.81999969482422,67.0199966430664,205235.0
630,2024-11-18,CL=F,66.86000061035156,69.38999938964844,66.61000061035156,69.16000366210938,110375.0
631,2024-11-19,CL=F,69.01000213623047,69.69000244140625,68.44999694824219,69.38999938964844,89360.0
632,2024-11-20,CL=F,69.55000305175781,70.1500015258789,68.75,68.87000274658203,235637.0
633,2024-11-21,CL=F,69.04000091552734,70.37999725341797,68.86000061035156,70.0999984741211,283850.0
634,2024-11-22,CL=F,70.18000030517578,71.51000213623047,69.29000091552734,71.23999786376953,408207.0
635,2024-11-25,CL=F,71.44000244140625,71.4800033569336,68.73999786376953,68.94000244140625,380922.0
636,2024-11-26,CL=F,69.08000183105469,70.30000305175781,68.05000305175781,68.7699966430664,292138.0
637,2024-11-27,CL=F,68.91000366210938,69.37000274658203,68.18000030517578,68.72000122070312,227215.0
638,2024-11-29,CL=F,68.7699966430664,69.69000244140625,67.87000274658203,68.0,291408.0
639,2024-12-02,CL=F,68.0,69.11000061035156,67.70999908447266,68.0999984741211,264883.0
640,2024-12-03,CL=F,68.16000366210938,70.2300033569336,67.91000366210938,69.94000244140625,303752.0
641,2024-12-04,CL=F,70.0199966430664,70.51000213623047,68.48999786376953,68.54000091552734,325636.0
642,2024-12-05,CL=F,68.73999786376953,69.16000366210938,67.9800033569336,68.30000305175781,286701.0
643,2024-12-06,CL=F,68.44000244140625,68.48999786376953,66.9800033569336,67.19999694824219,341593.0
644,2024-12-09,CL=F,67.1500015258789,68.87999725341797,67.08000183105469,68.37000274658203,297085.0
645,2024-12-10,CL=F,68.19000244140625,69.05999755859375,67.72000122070312,68.58999633789062,286003.0
646,2024-12-11,CL=F,68.5,70.52999877929688,68.44000244140625,70.29000091552734,335892.0
647,2024-12-12,CL=F,70.43000030517578,70.72000122070312,69.13999938964844,70.0199966430664,326046.0
648,2024-12-13,CL=F,70.05999755859375,71.41999816894531,69.87000274658203,71.29000091552734,230429.0
649,2024-12-16,CL=F,71.44000244140625,71.44000244140625,70.37000274658203,70.70999908447266,204296.0
650,2024-12-17,CL=F,70.61000061035156,70.91999816894531,69.18000030517578,70.08000183105469,99604.0
651,2024-12-18,CL=F,70.22000122070312,71.37999725341797,69.98999786376953,70.58000183105469,99386.0
652,2024-12-19,CL=F,70.13999938964844,71.26000213623047,69.69999694824219,69.91000366210938,291660.0
653,2024-12-20,CL=F,69.2300033569336,69.8499984741211,68.41999816894531,69.45999908447266,231592.0
654,2024-12-23,CL=F,69.4000015258789,69.94000244140625,68.58999633789062,69.23999786376953,188843.0
655,2024-12-24,CL=F,69.55999755859375,70.43000030517578,69.36000061035156,70.0999984741211,122602.0
656,2024-12-26,CL=F,70.19999694824219,70.75,69.33000183105469,69.62000274658203,144877.0
657,2024-12-27,CL=F,69.68000030517578,70.75,69.44000244140625,70.5999984741211,172641.0
658,2024-12-30,CL=F,70.41999816894531,71.55999755859375,70.12000274658203,70.98999786376953,199296.0
659,2024-12-31,CL=F,71.1500015258789,72.0199966430664,70.87000274658203,71.72000122070312,151155.0
660,2025-01-02,CL=F,71.8499984741211,73.7300033569336,71.79000091552734,73.12999725341797,306498.0
661,2025-01-03,CL=F,73.12999725341797,74.3499984741211,72.69999694824219,73.95999908447266,296040.0
662,2025-01-06,CL=F,74.05000305175781,74.98999786376953,73.19999694824219,73.55999755859375,306042.0
663,2025-01-07,CL=F,73.44000244140625,74.52999877929688,73.11000061035156,74.25,277328.0
664,2025-01-08,CL=F,74.5199966430664,75.29000091552734,73.16000366210938,73.31999969482422,328617.0
665,2025-01-09,CL=F,73.31999969482422,74.31999969482422,72.83999633789062,73.91999816894531,213421.0
666,2025-01-10,CL=F,74.29000091552734,77.86000061035156,74.0199966430664,76.56999969482422,478432.0
667,2025-01-13,CL=F,76.54000091552734,79.2699966430664,76.54000091552734,78.81999969482422,460942.0
668,2025-01-14,CL=F,78.81999969482422,79.08999633789062,77.41000366210938,77.5,326729.0
669,2025-01-15,CL=F,78.02999877929688,80.7699966430664,77.23999786376953,80.04000091552734,321422.0
670,2025-01-16,CL=F,80.4000015258789,80.58999633789062,77.87000274658203,78.68000030517578,159948.0
671,2025-01-17,CL=F,78.75,79.44000244140625,77.76000213623047,77.87999725341797,112409.0
672,2025-01-21,CL=F,78.19000244140625,78.47000122070312,75.48999786376953,75.88999938964844,568807.0
673,2025-01-22,CL=F,75.87999725341797,76.44999694824219,75.27999877929688,75.44000244140625,315333.0
674,2025-01-23,CL=F,75.38999938964844,76.0,74.13999938964844,74.62000274658203,350688.0
675,2025-01-24,CL=F,74.30000305175781,75.20999908447266,74.01000213623047,74.66000366210938,319679.0
676,2025-01-27,CL=F,74.54000091552734,75.1500015258789,72.37999725341797,73.16999816894531,334418.0
677,2025-01-28,CL=F,73.1500015258789,74.30999755859375,72.93000030517578,73.7699966430664,326075.0
678,2025-01-29,CL=F,73.94999694824219,74.08000183105469,72.33000183105469,72.62000274658203,312733.0
679,2025-01-30,CL=F,73.0,73.83999633789062,72.0199966430664,72.7300033569336,336475.0
680,2025-01-31,CL=F,73.19999694824219,73.83999633789062,71.94000244140625,72.52999877929688,376335.0
681,2025-02-03,CL=F,74.13999938964844,75.18000030517578,72.05000305175781,73.16000366210938,517853.0
682,2025-02-04,CL=F,72.3499984741211,73.3499984741211,70.66999816894531,72.69999694824219,452961.0
683,2025-02-05,CL=F,72.76000213623047,72.97000122070312,70.95999908447266,71.02999877929688,289902.0
684,2025-02-06,CL=F,71.18000030517578,71.8499984741211,70.43000030517578,70.61000061035156,299037.0
685,2025-02-07,CL=F,70.55999755859375,71.41000366210938,70.47000122070312,71.0,273766.0
686,2025-02-10,CL=F,71.0,72.54000091552734,70.83999633789062,72.31999969482422,255941.0
687,2025-02-11,CL=F,72.48999786376953,73.68000030517578,72.30999755859375,73.31999969482422,266819.0
688,2025-02-12,CL=F,73.19999694824219,73.22000122070312,71.16999816894531,71.37000274658203,318123.0
689,2025-02-13,CL=F,71.23999786376953,71.5999984741211,70.22000122070312,71.29000091552734,278197.0
690,2025-02-14,CL=F,71.5199966430664,72.0199966430664,70.5199966430664,70.73999786376953,207719.0
691,2025-02-18,CL=F,70.69999694824219,72.06999969482422,70.12000274658203,71.8499984741211,130937.0
692,2025-02-19,CL=F,71.77999877929688,73.04000091552734,71.70999908447266,72.25,69012.0
693,2025-02-20,CL=F,72.18000030517578,73.25,71.8499984741211,72.56999969482422,240060.0
694,2025-02-21,CL=F,72.58000183105469,72.7699966430664,70.16999816894531,70.4000015258789,268470.0
695,2025-02-24,CL=F,69.80000305175781,70.94000244140625,69.80000305175781,70.69999694824219,205468.0
696,2025-02-25,CL=F,70.91999816894531,71.26000213623047,68.68000030517578,68.93000030517578,267310.0
697,2025-02-26,CL=F,69.11000061035156,69.27999877929688,68.36000061035156,68.62000274658203,255601.0
698,2025-02-27,CL=F,68.81999969482422,70.54000091552734,68.61000061035156,70.3499984741211,265933.0
699,2025-02-28,CL=F,70.16999816894531,70.29000091552734,69.13999938964844,69.76000213623047,250074.0
700,2025-03-03,CL=F,69.94999694824219,70.5999984741211,67.88999938964844,68.37000274658203,332751.0
701,2025-03-04,CL=F,68.45999908447266,68.55999755859375,66.7699966430664,68.26000213623047,386750.0
702,2025-03-05,CL=F,68.08000183105469,68.0999984741211,65.22000122070312,66.30999755859375,382493.0
703,2025-03-06,CL=F,66.38999938964844,67.08999633789062,65.58999633789062,66.36000061035156,341632.0
704,2025-03-07,CL=F,66.33999633789062,68.22000122070312,66.12000274658203,67.04000091552734,329710.0
705,2025-03-10,CL=F,67.11000061035156,67.5999984741211,65.80000305175781,66.02999877929688,249633.0
706,2025-03-11,CL=F,65.94999694824219,67.16999816894531,65.29000091552734,66.25,222511.0
707,2025-03-12,CL=F,66.62000274658203,67.87999725341797,66.1500015258789,67.68000030517578,246675.0
708,2025-03-13,CL=F,67.69000244140625,67.94000244140625,66.37000274658203,66.55000305175781,268590.0
709,2025-03-14,CL=F,66.77999877929688,67.4800033569336,66.58999633789062,67.18000030517578,180495.0
710,2025-03-17,CL=F,67.3499984741211,68.37000274658203,67.25,67.58000183105469,161298.0
711,2025-03-18,CL=F,67.4000015258789,68.72000122070312,66.55999755859375,66.9000015258789,110338.0
712,2025-03-19,CL=F,66.72000122070312,67.62999725341797,66.20999908447266,67.16000366210938,73077.0
713,2025-03-20,CL=F,67.29000091552734,68.47000122070312,66.87999725341797,68.26000213623047,283376.0
714,2025-03-21,CL=F,68.3499984741211,68.6500015258789,67.6500015258789,68.27999877929688,198964.0
715,2025-03-24,CL=F,68.3499984741211,69.33000183105469,67.94999694824219,69.11000061035156,247024.0
716,2025-03-25,CL=F,69.16000366210938,69.68000030517578,68.5199966430664,69.0,258411.0
717,2025-03-26,CL=F,69.16000366210938,70.22000122070312,69.05999755859375,69.6500015258789,262413.0
718,2025-03-27,CL=F,69.95999908447266,69.97000122070312,69.12000274658203,69.91999816894531,211825.0
719,2025-03-28,CL=F,69.91000366210938,70.08999633789062,68.87000274658203,69.36000061035156,246650.0
720,2025-03-31,CL=F,69.43000030517578,71.83000183105469,68.80999755859375,71.4800033569336,313087.0
721,2025-04-01,CL=F,71.38999938964844,72.0999984741211,71.02999877929688,71.19999694824219,272832.0
722,2025-04-02,CL=F,71.19999694824219,72.27999877929688,70.58999633789062,71.70999908447266,286501.0
723,2025-04-03,CL=F,70.37999725341797,70.41000366210938,65.9800033569336,66.94999694824219,459238.0
724,2025-04-04,CL=F,66.63999938964844,66.9000015258789,60.45000076293945,61.9900016784668,559638.0
725,2025-04-07,CL=F,61.119998931884766,63.900001525878906,58.95000076293945,60.70000076293945,597617.0
726,2025-04-08,CL=F,61.029998779296875,61.75,57.880001068115234,59.58000183105469,557655.0
727,2025-04-09,CL=F,58.31999969482422,62.93000030517578,55.119998931884766,62.349998474121094,592250.0
728,2025-04-10,CL=F,62.709999084472656,63.34000015258789,58.7599983215332,60.06999969482422,391826.0
729,2025-04-11,CL=F,60.20000076293945,61.869998931884766,59.43000030517578,61.5,306231.0
730,2025-04-14,CL=F,61.70000076293945,62.68000030517578,60.59000015258789,61.529998779296875,238068.0
731,2025-04-15,CL=F,61.58000183105469,62.060001373291016,60.880001068115234,61.33000183105469,197404.0
732,2025-04-16,CL=F,61.540000915527344,62.97999954223633,60.439998626708984,62.470001220703125,213194.0
733,2025-04-17,CL=F,62.630001068115234,64.86000061035156,62.61000061035156,64.68000030517578,111479.0
734,2025-04-21,CL=F,64.30000305175781,64.41999816894531,62.45000076293945,63.08000183105469,82671.0
735,2025-04-22,CL=F,63.43000030517578,65.08999633789062,63.43000030517578,64.30999755859375,297928.0
736,2025-04-23,CL=F,64.0,64.87000274658203,61.529998779296875,62.27000045776367,397841.0
737,2025-04-24,CL=F,62.34000015258789,63.310001373291016,61.9900016784668,62.790000915527344,264908.0
738,2025-04-25,CL=F,62.86000061035156,63.40999984741211,61.79999923706055,63.02000045776367,283758.0
739,2025-04-28,CL=F,63.4900016784668,63.91999816894531,61.47999954223633,62.04999923706055,276116.0
740,2025-04-29,CL=F,61.869998931884766,62.06999969482422,60.119998931884766,60.41999816894531,312373.0
741,2025-04-30,CL=F,60.15999984741211,60.43000030517578,57.90999984741211,58.209999084472656,419549.0
742,2025-05-01,CL=F,58.15999984741211,59.5,56.38999938964844,59.2400016784668,364216.0
743,2025-05-02,CL=F,58.9900016784668,59.869998931884766,57.7400016784668,58.290000915527344,322096.0
744,2025-05-05,CL=F,56.7599983215332,57.70000076293945,55.29999923706055,57.130001068115234,308387.0
745,2025-05-06,CL=F,57.25,59.84000015258789,57.029998779296875,59.09000015258789,343893.0
746,2025-05-07,CL=F,58.97999954223633,60.2599983215332,57.810001373291016,58.06999969482422,295238.0
747,2025-05-08,CL=F,57.93000030517578,60.290000915527344,57.7400016784668,59.90999984741211,281000.0
748,2025-05-09,CL=F,60.25,61.45000076293945,59.88999938964844,61.02000045776367,239640.0
749,2025-05-12,CL=F,61.38999938964844,63.61000061035156,61.02000045776367,61.95000076293945,325865.0
750,2025-05-13,CL=F,62.0,63.900001525878906,61.650001525878906,63.66999816894531,258795.0
751,2025-05-14,CL=F,63.619998931884766,63.68000030517578,62.75,63.150001525878906,225626.0
752,2025-05-15,CL=F,62.880001068115234,62.90999984741211,60.470001220703125,61.619998931884766,258404.0
753,2025-05-16,CL=F,61.70000076293945,62.709999084472656,61.25,62.4900016784668,121556.0
754,2025-05-19,CL=F,62.75,63.400001525878906,61.56999969482422,62.689998626708984,95570.0
755,2025-05-20,CL=F,62.68000030517578,63.16999816894531,62.189998626708984,62.560001373291016,250414.0
756,2025-05-21,CL=F,62.27000045776367,64.19000244140625,61.279998779296875,61.56999969482422,302702.0
757,2025-05-22,CL=F,61.33000183105469,61.75,60.25,61.20000076293945,258549.0
758,2025-05-23,CL=F,60.810001373291016,61.880001068115234,60.02000045776367,61.529998779296875,273392.0
759,2025-05-27,CL=F,61.70000076293945,62.13999938964844,60.2599983215332,60.88999938964844,291317.0
760,2025-05-28,CL=F,61.040000915527344,62.540000915527344,60.849998474121094,61.84000015258789,260374.0
761,2025-05-29,CL=F,61.83000183105469,63.06999969482422,60.54999923706055,60.939998626708984,299859.0
762,2025-05-30,CL=F,60.939998626708984,61.720001220703125,59.7400016784668,60.790000915527344,384927.0
763,2025-06-02,CL=F,61.11000061035156,63.880001068115234,61.060001373291016,62.52000045776367,403580.0
764,2025-06-03,CL=F,63.02000045776367,63.88999938964844,62.400001525878906,63.40999984741211,291260.0
765,2025-06-04,CL=F,63.36000061035156,63.959999084472656,62.16999816894531,62.849998474121094,321128.0
766,2025-06-05,CL=F,62.7599983215332,63.97999954223633,62.5,63.369998931884766,232423.0
767,2025-06-06,CL=F,63.33000183105469,64.80000305175781,62.81999969482422,64.58000183105469,310133.0
768,2025-06-09,CL=F,64.80000305175781,65.43000030517578,64.19999694824219,65.29000091552734,235900.0
769,2025-06-10,CL=F,65.45999908447266,66.27999877929688,64.56999969482422,64.9800033569336,279021.0
770,2025-06-11,CL=F,64.76000213623047,68.37000274658203,64.5999984741211,68.1500015258789,378473.0
771,2025-06-12,CL=F,69.02999877929688,69.29000091552734,66.72000122070312,68.04000091552734,379394.0
772,2025-06-13,CL=F,68.9000015258789,77.62000274658203,68.48999786376953,72.9800033569336,715652.0
773,2025-06-16,CL=F,76.54000091552734,77.48999786376953,69.37999725341797,71.7699966430664,367312.0
774,2025-06-17,CL=F,71.11000061035156,75.54000091552734,71.0,74.83999633789062,154264.0
775,2025-06-18,CL=F,75.61000061035156,76.06999969482422,72.94000244140625,75.13999938964844,0.0
776,2025-06-20,CL=F,74.5999984741211,77.58000183105469,74.30000305175781,74.93000030517578,678377.0
777,2025-06-23,CL=F,78.0,78.4000015258789,66.5999984741211,68.51000213623047,728868.0
778,2025-06-24,CL=F,67.73999786376953,67.83000183105469,64.0,64.37000274658203,541475.0
779,2025-06-25,CL=F,65.12000274658203,66.02999877929688,64.51000213623047,64.91999816894531,278504.0
780,2025-06-26,CL=F,64.9800033569336,66.41999816894531,64.66000366210938,65.23999786376953,233771.0
781,2025-06-27,CL=F,65.30000305175781,66.08999633789062,64.80000305175781,65.5199966430664,236284.0
782,2025-06-30,CL=F,65.1500015258789,65.81999969482422,64.5,65.11000061035156,193289.0
783,2025-07-01,CL=F,64.95999908447266,65.9800033569336,64.66999816894531,65.44999694824219,193162.0
784,2025-07-02,CL=F,65.55999755859375,67.58000183105469,65.2300033569336,67.44999694824219,265200.0
785,2025-07-03,CL=F,67.5,67.58000183105469,66.52999877929688,67.0,0.0
786,2025-07-04,CL=F,67.12999725341797,67.18000030517578,66.04000091552734,66.5,0.0
787,2025-07-07,CL=F,65.69999694824219,68.31999969482422,65.4000015258789,67.93000030517578,332949.0
788,2025-07-08,CL=F,67.95999908447266,68.91000366210938,67.33000183105469,68.33000183105469,219882.0
789,2025-07-09,CL=F,68.18000030517578,68.94000244140625,67.69999694824219,68.37999725341797,223945.0
790,2025-07-10,CL=F,68.29000091552734,68.6500015258789,66.44999694824219,66.56999969482422,258654.0
791,2025-07-11,CL=F,66.8499984741211,68.7699966430664,66.5,68.44999694824219,226297.0
792,2025-07-14,CL=F,68.68000030517578,69.6500015258789,66.80000305175781,66.9800033569336,263877.0
793,2025-07-15,CL=F,66.86000061035156,67.12999725341797,66.22000122070312,66.5199966430664,252724.0
794,2025-07-16,CL=F,66.7300033569336,67.01000213623047,65.41999816894531,66.37999725341797,248346.0
795,2025-07-17,CL=F,66.5999984741211,67.69000244140625,66.29000091552734,67.54000091552734,188802.0
796,2025-07-18,CL=F,67.5999984741211,68.95999908447266,67.19999694824219,67.33999633789062,107628.0
797,2025-07-21,CL=F,67.31999969482422,67.76000213623047,66.45999908447266,67.19999694824219,81194.0
798,2025-07-22,CL=F,67.12000274658203,67.12999725341797,65.98999786376953,66.20999908447266,269991.0
799,2025-07-23,CL=F,65.48999786376953,65.77999877929688,64.70999908447266,65.25,251825.0
800,2025-07-24,CL=F,65.41999816894531,66.38999938964844,65.33000183105469,66.02999877929688,281209.0
801,2025-07-25,CL=F,66.1500015258789,66.73999786376953,65.0,65.16000366210938,234283.0
802,2025-07-28,CL=F,65.1500015258789,67.13999938964844,65.05000305175781,66.70999908447266,262038.0
803,2025-07-29,CL=F,67.04000091552734,69.76000213623047,66.52999877929688,69.20999908447266,329112.0
804,2025-07-30,CL=F,69.33999633789062,70.51000213623047,68.44999694824219,70.0,345336.0
805,2025-07-31,CL=F,70.30000305175781,70.41000366210938,68.55999755859375,69.26000213623047,247031.0
806,2025-08-01,CL=F,69.3499984741211,69.58000183105469,67.05000305175781,67.33000183105469,355819.0
807,2025-08-04,CL=F,66.8499984741211,67.73999786376953,65.45999908447266,66.29000091552734,277375.0
808,2025-08-05,CL=F,66.20999908447266,66.38999938964844,65.02999877929688,65.16000366210938,279030.0
809,2025-08-06,CL=F,65.1500015258789,66.75,63.63999938964844,64.3499984741211,353827.0
810,2025-08-07,CL=F,64.36000061035156,65.11000061035156,63.70000076293945,63.880001068115234,300518.0
811,2025-08-08,CL=F,63.849998474121094,64.58000183105469,62.77000045776367,63.880001068115234,322939.0
812,2025-08-11,CL=F,63.47999954223633,64.44000244140625,63.02000045776367,63.959999084472656,234807.0
813,2025-08-12,CL=F,64.0,64.33999633789062,63.060001373291016,63.16999816894531,304441.0
814,2025-08-13,CL=F,63.06999969482422,63.380001068115234,61.939998626708984,62.650001525878906,298939.0
815,2025-08-14,CL=F,62.790000915527344,64.0999984741211,62.58000183105469,63.959999084472656,251652.0
816,2025-08-15,CL=F,63.90999984741211,64.1500015258789,62.68000030517578,62.79999923706055,197390.0
817,2025-08-18,CL=F,63.0,63.790000915527344,62.18000030517578,63.41999816894531,95113.0
818,2025-08-19,CL=F,63.27000045776367,63.38999938964844,62.25,62.349998474121094,99484.0
819,2025-08-20,CL=F,62.599998474121094,63.54999923706055,62.38999938964844,63.209999084472656,280663.0
820,2025-08-21,CL=F,62.849998474121094,63.66999816894531,62.52000045776367,63.52000045776367,250166.0
821,2025-08-22,CL=F,63.5,63.93000030517578,63.310001373291016,63.65999984741211,223169.0
822,2025-08-25,CL=F,63.880001068115234,65.0999984741211,63.529998779296875,64.80000305175781,185270.0
823,2025-08-26,CL=F,64.75,64.76000213623047,63.130001068115234,63.25,199101.0
824,2025-08-27,CL=F,63.310001373291016,64.2300033569336,62.95000076293945,64.1500015258789,193476.0
825,2025-08-28,CL=F,63.869998931884766,64.69999694824219,63.349998474121094,64.5999984741211,208931.0
826,2025-08-29,CL=F,64.26000213623047,64.55000305175781,63.880001068115234,64.01000213623047,0.0
827,2025-09-02,CL=F,63.95000076293945,66.02999877929688,63.65999984741211,65.58999633789062,320218.0
828,2025-09-03,CL=F,65.62000274658203,65.72000122070312,63.720001220703125,63.970001220703125,298737.0
829,2025-09-04,CL=F,63.81999969482422,63.84000015258789,62.720001220703125,63.47999954223633,251689.0
830,2025-09-05,CL=F,63.33000183105469,63.4900016784668,61.45000076293945,61.869998931884766,294540.0
831,2025-09-08,CL=F,62.0,63.34000015258789,61.849998474121094,62.2599983215332,237288.0
832,2025-09-09,CL=F,62.43000030517578,63.66999816894531,62.369998931884766,62.630001068115234,268529.0
833,2025-09-10,CL=F,62.7400016784668,64.08000183105469,62.720001220703125,63.66999816894531,260684.0
834,2025-09-11,CL=F,63.79999923706055,63.79999923706055,62.209999084472656,62.369998931884766,222661.0
835,2025-09-12,CL=F,62.27000045776367,63.97999954223633,61.689998626708984,62.689998626708984,313265.0
836,2025-09-15,CL=F,62.970001220703125,63.66999816894531,62.52000045776367,63.29999923706055,205560.0
837,2025-09-16,CL=F,63.310001373291016,64.76000213623047,62.88999938964844,64.5199966430664,234250.0
838,2025-09-17,CL=F,64.58999633789062,64.66999816894531,63.689998626708984,64.05000305175781,165427.0
839,2025-09-18,CL=F,63.9900016784668,64.55000305175781,63.33000183105469,63.56999969482422,82321.0
840,2025-09-19,CL=F,63.59000015258789,63.650001525878906,62.599998474121094,62.68000030517578,87165.0
841,2025-09-22,CL=F,62.7400016784668,63.18000030517578,61.97999954223633,62.63999938964844,223779.0
842,2025-09-23,CL=F,62.33000183105469,63.88999938964844,61.849998474121094,63.40999984741211,265948.0
843,2025-09-24,CL=F,63.63999938964844,65.05000305175781,63.25,64.98999786376953,282721.0
844,2025-09-25,CL=F,64.80000305175781,65.33999633789062,64.05999755859375,64.9800033569336,258353.0
845,2025-09-26,CL=F,65.19999694824219,66.41999816894531,64.66000366210938,65.72000122070312,284990.0
846,2025-09-29,CL=F,65.06999969482422,65.4000015258789,62.97999954223633,63.45000076293945,294292.0
847,2025-09-30,CL=F,63.13999938964844,63.2599983215332,62.029998779296875,62.369998931884766,271649.0
848,2025-10-01,CL=F,62.459999084472656,62.88999938964844,61.400001525878906,61.779998779296875,274339.0
849,2025-10-02,CL=F,61.779998779296875,62.540000915527344,60.400001525878906,60.47999954223633,290507.0
850,2025-10-03,CL=F,60.70000076293945,61.380001068115234,60.54999923706055,60.880001068115234,240044.0
851,2025-10-06,CL=F,61.13999938964844,62.119998931884766,61.040000915527344,61.689998626708984,224682.0
852,2025-10-07,CL=F,61.72999954223633,62.11000061035156,60.720001220703125,61.72999954223633,245121.0
853,2025-10-08,CL=F,62.04999923706055,62.91999816894531,62.04999923706055,62.54999923706055,273318.0
854,2025-10-09,CL=F,62.310001373291016,62.869998931884766,61.25,61.5099983215332,259171.0
855,2025-10-10,CL=F,61.4900016784668,61.66999816894531,58.220001220703125,58.900001525878906,339103.0
856,2025-10-13,CL=F,59.0,60.16999816894531,59.0,59.4900016784668,339103.0
857,2025-10-14,CL=F,59.58000183105469,59.81999969482422,57.68000030517578,58.70000076293945,259200.0
858,2025-10-15,CL=F,58.599998474121094,59.41999816894531,58.20000076293945,58.27000045776367,224919.0
859,2025-10-16,CL=F,58.77000045776367,59.11000061035156,57.2599983215332,57.459999084472656,203866.0
860,2025-10-17,CL=F,57.5,57.720001220703125,56.599998474121094,57.540000915527344,108748.0
861,2025-10-20,CL=F,57.72999954223633,57.810001373291016,56.349998474121094,57.52000045776367,108146.0
862,2025-10-21,CL=F,57.369998931884766,58.279998779296875,56.9900016784668,57.81999969482422,314207.0
863,2025-10-22,CL=F,57.59000015258789,59.83000183105469,57.34000015258789,58.5,378637.0
864,2025-10-23,CL=F,59.939998626708984,62.20000076293945,59.63999938964844,61.790000915527344,735186.0
865,2025-10-24,CL=F,61.790000915527344,62.59000015258789,61.209999084472656,61.5,373744.0
866,2025-10-27,CL=F,61.81999969482422,62.16999816894531,60.66999816894531,61.310001373291016,272191.0
867,2025-10-28,CL=F,61.5,61.5,59.7599983215332,60.150001525878906,307568.0
868,2025-10-29,CL=F,60.18000030517578,61.02000045776367,59.70000076293945,60.47999954223633,276875.0
869,2025-10-30,CL=F,60.38999938964844,60.790000915527344,59.63999938964844,60.56999969482422,247917.0
870,2025-10-31,CL=F,60.29999923706055,61.380001068115234,59.9900016784668,60.97999954223633,278598.0
871,2025-11-03,CL=F,61.400001525878906,61.5,60.5099983215332,61.04999923706055,0.0
872,2025-11-04,CL=F,61.029998779296875,61.029998779296875,59.939998626708984,60.560001373291016,219300.0
873,2025-11-05,CL=F,60.43000030517578,61.09000015258789,59.52000045776367,59.599998474121094,292518.0
874,2025-11-06,CL=F,59.68000030517578,60.5099983215332,58.83000183105469,59.43000030517578,277768.0
875,2025-11-07,CL=F,59.650001525878906,60.459999084472656,59.31999969482422,59.75,259446.0
876,2025-11-10,CL=F,59.869998931884766,60.47999954223633,59.40999984741211,60.130001068115234,222879.0
877,2025-11-11,CL=F,60.06999969482422,61.279998779296875,59.65999984741211,61.040000915527344,264427.0
878,2025-11-12,CL=F,61.04999923706055,61.060001373291016,58.29999923706055,58.4900016784668,329517.0
879,2025-11-13,CL=F,58.470001220703125,59.209999084472656,58.119998931884766,58.689998626708984,247349.0
880,2025-11-14,CL=F,58.709999084472656,60.650001525878906,58.709999084472656,60.09000015258789,334116.0
881,2025-11-17,CL=F,59.79999923706055,60.439998626708984,59.31999969482422,59.90999984741211,189638.0
882,2025-11-18,CL=F,59.7400016784668,60.93000030517578,59.310001373291016,60.7400016784668,105325.0
883,2025-11-19,CL=F,60.619998931884766,60.790000915527344,58.77000045776367,59.439998626708984,79622.0
884,2025-11-20,CL=F,59.630001068115234,60.33000183105469,58.86000061035156,59.13999938964844,324282.0
885,2025-11-21,CL=F,58.79999923706055,58.79999923706055,57.380001068115234,58.060001373291016,345014.0
886,2025-11-24,CL=F,58.04999923706055,59.060001373291016,57.41999816894531,58.84000015258789,238138.0
887,2025-11-25,CL=F,58.88999938964844,58.959999084472656,57.099998474121094,57.95000076293945,334442.0
888,2025-11-26,CL=F,58.04999923706055,58.720001220703125,57.65999984741211,58.650001525878906,228285.0
889,2025-11-28,CL=F,58.58000183105469,59.63999938964844,58.27000045776367,58.54999923706055,153758.0
890,2025-12-01,CL=F,58.959999084472656,59.970001220703125,58.83000183105469,59.31999969482422,232770.0
891,2025-12-02,CL=F,59.52000045776367,59.66999816894531,58.279998779296875,58.63999938964844,255513.0
892,2025-12-03,CL=F,58.650001525878906,59.63999938964844,58.369998931884766,58.95000076293945,260974.0
893,2025-12-04,CL=F,59.09000015258789,60.02000045776367,58.810001373291016,59.66999816894531,264993.0
894,2025-12-05,CL=F,59.70000076293945,60.5,59.41999816894531,60.08000183105469,255075.0
895,2025-12-08,CL=F,60.150001525878906,60.29999923706055,58.68000030517578,58.880001068115234,263009.0
896,2025-12-09,CL=F,58.869998931884766,59.16999816894531,58.119998931884766,58.25,260206.0
897,2025-12-10,CL=F,58.369998931884766,59.04999923706055,57.65999984741211,58.459999084472656,256508.0
898,2025-12-11,CL=F,58.90999984741211,58.939998626708984,57.0099983215332,57.599998474121094,286808.0
899,2025-12-12,CL=F,57.88999938964844,58.189998626708984,57.150001525878906,57.439998626708984,212806.0
900,2025-12-15,CL=F,57.5,57.79999923706055,56.400001525878906,56.81999969482422,229310.0
901,2025-12-16,CL=F,56.68000030517578,56.70000076293945,54.97999954223633,55.27000045776367,230933.0
902,2025-12-17,CL=F,55.22999954223633,56.97999954223633,55.20000076293945,55.939998626708984,125608.0
903,2025-12-18,CL=F,56.900001525878906,57.029998779296875,55.880001068115234,56.150001525878906,85735.0
904,2025-12-19,CL=F,56.029998779296875,56.900001525878906,55.81999969482422,56.65999984741211,209264.0
905,2025-12-22,CL=F,56.630001068115234,58.130001068115234,56.599998474121094,58.0099983215332,221576.0
906,2025-12-23,CL=F,57.95000076293945,58.560001373291016,57.7400016784668,58.380001068115234,183633.0
907,2025-12-24,CL=F,58.470001220703125,58.75,58.130001068115234,58.349998474121094,111762.0
908,2025-12-26,CL=F,58.349998474121094,58.880001068115234,56.650001525878906,56.7400016784668,166669.0
909,2025-12-29,CL=F,57.040000915527344,58.29999923706055,56.90999984741211,58.08000183105469,178590.0
910,2025-12-30,CL=F,57.810001373291016,58.470001220703125,57.599998474121094,57.95000076293945,143802.0
911,2025-12-31,CL=F,57.95000076293945,58.54999923706055,57.20000076293945,57.41999816894531,157160.0
912,2026-01-02,CL=F,57.40999984741211,57.93000030517578,56.599998474121094,57.31999969482422,189503.0
913,2026-01-05,CL=F,57.470001220703125,58.5099983215332,56.310001373291016,58.31999969482422,301483.0
914,2026-01-06,CL=F,58.34000015258789,58.869998931884766,56.84000015258789,57.130001068115234,292067.0
915,2026-01-07,CL=F,57.0,57.16999816894531,55.7599983215332,55.9900016784668,383128.0
916,2026-01-08,CL=F,56.41999816894531,58.7400016784668,55.970001220703125,57.7599983215332,334134.0
917,2026-01-09,CL=F,58.400001525878906,59.77000045776367,57.61000061035156,59.119998931884766,360309.0
918,2026-01-12,CL=F,59.0,59.90999984741211,58.45000076293945,59.5,309700.0
919,2026-01-13,CL=F,59.95000076293945,61.5,59.470001220703125,61.150001525878906,411190.0
920,2026-01-14,CL=F,61.119998931884766,62.36000061035156,59.189998626708984,62.02000045776367,410261.0
921,2026-01-15,CL=F,61.060001373291016,61.13999938964844,58.880001068115234,59.189998626708984,113642.0
922,2026-01-16,CL=F,59.2599983215332,60.18000030517578,58.939998626708984,59.439998626708984,113794.0
923,2026-01-20,CL=F,59.0099983215332,60.68000030517578,58.70000076293945,60.34000015258789,499595.0
924,2026-01-21,CL=F,59.56999969482422,60.88999938964844,59.220001220703125,60.619998931884766,333062.0
925,2026-01-22,CL=F,60.68000030517578,60.81999969482422,58.959999084472656,59.36000061035156,324349.0
926,2026-01-23,CL=F,59.65999984741211,61.36000061035156,59.52000045776367,61.06999969482422,283419.0
927,2026-01-26,CL=F,61.220001220703125,61.709999084472656,60.31999969482422,60.630001068115234,281062.0
928,2026-01-27,CL=F,60.779998779296875,62.630001068115234,60.13999938964844,62.38999938964844,360208.0
929,2026-01-28,CL=F,62.58000183105469,63.56999969482422,62.06999969482422,63.209999084472656,354864.0
930,2026-01-29,CL=F,63.5,66.4800033569336,63.279998779296875,65.41999816894531,560007.0
931,2026-01-30,CL=F,65.5199966430664,66.11000061035156,63.63999938964844,65.20999908447266,449325.0
932,2026-02-02,CL=F,64.72000122070312,64.73999786376953,61.38999938964844,62.13999938964844,414083.0
933,2026-02-03,CL=F,62.279998779296875,64.20999908447266,61.119998931884766,63.209999084472656,381144.0
934,2026-02-04,CL=F,63.79999923706055,65.52999877929688,62.86000061035156,65.13999938964844,446588.0
935,2026-02-05,CL=F,64.48999786376953,64.66999816894531,62.650001525878906,63.290000915527344,389763.0
936,2026-02-06,CL=F,63.099998474121094,64.58000183105469,62.20000076293945,63.54999923706055,448924.0
937,2026-02-09,CL=F,62.9900016784668,64.87999725341797,62.619998931884766,64.36000061035156,298005.0
938,2026-02-10,CL=F,64.44000244140625,64.70999908447266,63.650001525878906,63.959999084472656,276292.0
939,2026-02-11,CL=F,64.19999694824219,65.83000183105469,64.1500015258789,64.62999725341797,340194.0
940,2026-02-12,CL=F,64.87000274658203,65.0999984741211,62.38999938964844,62.84000015258789,369303.0
941,2026-02-13,CL=F,62.9900016784668,63.2599983215332,62.13999938964844,62.88999938964844,255793.0
942,2026-02-17,CL=F,63.29999923706055,64.13999938964844,61.869998931884766,62.33000183105469,328727.0
943,2026-02-18,CL=F,62.29999923706055,65.55999755859375,62.119998931884766,65.19000244140625,115379.0
944,2026-02-19,CL=F,65.0999984741211,66.9000015258789,64.87999725341797,66.43000030517578,113408.0
945,2026-02-20,CL=F,66.66999816894531,67.05000305175781,65.94000244140625,66.38999938964844,351351.0
946,2026-02-23,CL=F,65.88999938964844,67.27999877929688,65.37999725341797,66.30999755859375,270365.0
947,2026-02-24,CL=F,66.30999755859375,67.1500015258789,65.55000305175781,65.62999725341797,312124.0
948,2026-02-25,CL=F,66.06999969482422,66.5999984741211,65.12000274658203,65.41999816894531,306780.0
949,2026-02-26,CL=F,65.6500015258789,66.70999908447266,63.599998474121094,65.20999908447266,498542.0
950,2026-02-27,CL=F,65.3499984741211,67.83000183105469,64.8499984741211,67.0199966430664,437053.0
951,2026-03-02,CL=F,75.0,75.33000183105469,69.19999694824219,71.2300033569336,881329.0
952,2026-03-03,CL=F,71.2300033569336,77.9800033569336,70.41000366210938,74.55999755859375,1009753.0
953,2026-03-04,CL=F,74.73999786376953,77.2300033569336,73.27999877929688,74.66000366210938,617822.0
954,2026-03-05,CL=F,76.1500015258789,82.16000366210938,74.97000122070312,81.01000213623047,707030.0
955,2026-03-06,CL=F,79.08000183105469,92.61000061035156,78.23999786376953,90.9000015258789,996251.0
956,2026-03-09,CL=F,98.0,119.4800033569336,81.19000244140625,94.7699966430664,1107193.0
957,2026-03-10,CL=F,85.75,91.4800033569336,76.7300033569336,83.44999694824219,801564.0
958,2026-03-11,CL=F,86.88999938964844,88.98999786376953,81.79000091552734,87.25,538020.0
959,2026-03-12,CL=F,89.31999969482422,97.19000244140625,88.61000061035156,95.7300033569336,548999.0
960,2026-03-13,CL=F,96.73999786376953,99.31999969482422,92.04000091552734,98.70999908447266,436700.0
961,2026-03-16,CL=F,100.93000030517578,102.44000244140625,92.93000030517578,93.5,455454.0
962,2026-03-17,CL=F,94.41000366210938,98.41999816894531,93.83000183105469,96.20999908447266,308425.0
963,2026-03-18,CL=F,96.0,100.55000305175781,91.95999908447266,96.31999969482422,157222.0
964,2026-03-19,CL=F,99.12999725341797,101.4800033569336,92.80000305175781,96.13999938964844,118719.0
965,2026-03-20,CL=F,95.0,99.66999816894531,93.41999816894531,98.31999969482422,461845.0
966,2026-03-23,CL=F,100.51000213623047,101.66999816894531,84.37000274658203,88.12999725341797,666790.0
967,2026-03-24,CL=F,88.77999877929688,93.36000061035156,86.33999633789062,92.3499984741211,420067.0
968,2026-03-25,CL=F,88.48999786376953,91.7300033569336,86.45999908447266,90.31999969482422,405170.0
969,2026-03-26,CL=F,91.37999725341797,95.44000244140625,89.51000213623047,94.4800033569336,350768.0
970,2026-03-27,CL=F,93.30999755859375,101.23999786376953,92.08000183105469,99.63999938964844,374920.0
971,2026-03-30,CL=F,102.5999984741211,105.36000061035156,99.43000030517578,102.87999725341797,374075.0
972,2026-03-31,CL=F,105.06999969482422,106.86000061035156,99.62000274658203,101.37999725341797,495395.0
973,2026-04-01,CL=F,101.72000122070312,103.30999755859375,96.5,100.12000274658203,434561.0
974,2026-04-02,CL=F,98.91999816894531,113.97000122070312,97.5,111.54000091552734,0.0
975,2026-04-06,CL=F,112.95999908447266,115.4800033569336,108.88999938964844,112.41000366210938,271742.0
976,2026-04-07,CL=F,112.62000274658203,117.62999725341797,109.19999694824219,112.94999694824219,429331.0
977,2026-04-08,CL=F,108.73999786376953,109.19000244140625,91.05000305175781,94.41000366210938,599576.0
978,2026-04-09,CL=F,96.77999877929688,102.69999694824219,95.25,97.87000274658203,427201.0
979,2026-04-10,CL=F,98.2300033569336,100.41999816894531,95.51000213623047,96.56999969482422,314855.0
980,2026-04-13,CL=F,102.0,105.62999725341797,97.02999877929688,99.08000183105469,344337.0
981,2026-04-14,CL=F,97.98999786376953,98.0,91.05999755859375,91.27999877929688,315821.0
982,2026-04-15,CL=F,92.0199966430664,93.30000305175781,86.95999908447266,91.29000091552734,240397.0
983,2026-04-16,CL=F,91.47000122070312,95.44000244140625,90.5199966430664,94.69000244140625,194354.0
984,2026-04-17,CL=F,93.18000030517578,94.04000091552734,80.55999755859375,83.8499984741211,116624.0
985,2026-04-20,CL=F,89.0,91.19999694824219,87.0199966430664,89.61000061035156,115578.0
986,2026-04-21,CL=F,87.88999938964844,94.44999694824219,87.76000213623047,92.12999725341797,383596.0
987,2026-04-22,CL=F,90.0,93.7300033569336,87.63999938964844,92.95999908447266,299675.0
988,2026-04-23,CL=F,92.9000015258789,98.38999938964844,92.30000305175781,95.8499984741211,365210.0
989,2026-04-24,CL=F,96.62000274658203,97.8499984741211,92.68000030517578,94.4000015258789,330280.0
990,2026-04-27,CL=F,95.5999984741211,97.66999816894531,94.58999633789062,96.37000274658203,219055.0
991,2026-04-28,CL=F,96.66999816894531,101.8499984741211,96.23999786376953,99.93000030517578,281078.0
992,2026-04-29,CL=F,99.70999908447266,108.5999984741211,98.41999816894531,106.87999725341797,318841.0
993,2026-04-30,CL=F,109.06999969482422,110.93000030517578,103.33999633789062,105.06999969482422,341994.0
994,2026-05-01,CL=F,105.13999938964844,106.6500015258789,99.30000305175781,101.94000244140625,268707.0
995,2026-05-04,CL=F,99.7300033569336,107.45999908447266,99.11000061035156,106.41999816894531,342843.0
996,2026-05-05,CL=F,104.93000030517578,105.4800033569336,101.08000183105469,102.2699966430664,241150.0
997,2026-05-06,CL=F,102.69999694824219,102.69999694824219,88.66000366210938,95.08000183105469,423491.0
998,2026-05-07,CL=F,96.30000305175781,97.98999786376953,89.8499984741211,94.80999755859375,392091.0
999,2026-05-08,CL=F,98.25,98.63999938964844,93.81999969482422,95.41999816894531,243423.0
1000,2026-05-11,CL=F,98.19000244140625,100.37000274658203,96.12999725341797,98.06999969482422,256251.0
1001,2026-05-12,CL=F,98.38999938964844,102.72000122070312,98.0,102.18000030517578,231747.0
1002,2026-05-13,CL=F,102.16000366210938,103.66999816894531,100.55999755859375,101.0199966430664,212582.0
1003,2026-05-14,CL=F,101.0199966430664,102.3499984741211,99.38999938964844,101.16999816894531,173862.0
1004,2026-05-15,CL=F,102.05999755859375,106.0,101.4800033569336,105.41999816894531,96552.0
